text,label
마그온맥 주의 사항이 뭐야?,0
마그온맥 주의해야 할 사항이 뭐야?,0
마그온맥 뭐를 주의해야 할까?,0
마그온맥 먹을 때 주의해야 할 것이 있을까?,0
씨이엔 주의하면 좋을 점은 뭐야?,0
씨이엔 어떤 것을 주의해야해?,0
씨이엔 먹을 때 뭐를 고려해야헤?,0
벨록 먹을 때 주의사항이 있어?,0
씨이엔 복용할 때 뭐를 고려해야헤?,0
벨록 복용할 때 주의사항이 있어?,0
벨록 복용 시 주의사항,0
벨록 복용할 때 주의 사항이 뭐야?,0
마이티 복용할 때 고려해야 할 점이 뭐야?,0
마이티 복용 시 주의사항은?,0
마이티 복용할 때 주의해야 할 것이 뭐야?,0
벨록스 먹을 시 주의사항,0
벨록스 먹을 때 주의 사항이 뭐야?,0
마이 먹을 때 고려해야 할 점이 뭐야?,0
마이 먹을 시 주의사항은?,0
마이 먹을 때 주의해야 할 것이 뭐야?,0
비자니 주의할 점이 있을 까?,0
비자니 먹을 때 주의해야 할 점이 있어?,0
이부프로펜 먹기 전에 주의해야 할 점이 있을까?,0
비자니 복용할 때 주의해야 할 점이 있어?,0
이부프로펜 복용 전에 주의해야 할 점이 있을까?,0
이부프로펜 먹기 전에 주의할 점이 있을까?,0
비자니 복용할 때 주의할 점이 있어?,0
이부프로펜 복용 전에 주의할 점이 있을까?,0
알진 복용하기 전에 알아야 할 점이 있을까?,0
알진 복용할 때 미리 알아야 할 것이 있을까?,0
알진 복용할 때 고려해야 할 점이 있을끼?,0
알진 복용할 때 고려할 점이 있을끼?,0
알진 복용할 때 어떤 점을 주의해야 할까?,0
알진 복용 시 무엇을 주의해야 하지?,0
알진 먹기 전에 알아야 할 점이 있을까?,0
알진 먹을 때 미리 알아야 할 것이 있을까?,0
알진 먹을 때 고려해야 할 점이 있을끼?,0
알진 먹을 때 어떤 점을 주의해야 할까?,0
알진 먹을 시 무엇을 주의해야 하지?,0
비자니정 복용할 때 뭐를 주의해야해?,0
비자니정 먹을 때 뭐를 주의해야해?,0
앱시토정의 주의할 점이 있어?,0
앱시토의 주의사항은?,0
에어페낙듀 먹을 때 뭐를 주의해야 할까?,0
에어페낙듀오가 가진 주의사항이 뭐야?,0
에어페오의 주의해야 하는 점이 있어?,0
아세리손 주의해야 하는게 뭐야?,0
조인엔콘드 먹을 때 고려해야 할 점이 뭐야?,0
텔미로젯이 갖고 있는 주의 사항이 있어?,0
마그 주의 사항이 어떻게돼?,0
마그 주의해야 할 사항이 어떻게돼?,0
마그 뭐를 주의해야 할까?,0
마그 먹을 때 주의해야 할 것이 있을까?,0
씨이엔브이 주의하면 좋을 점은 어떻게돼?,0
씨이엔브이 어떤 것을 주의해야해?,0
씨이엔브이 먹을 때 뭐를 고려해야헤?,0
벨록스 먹을 때 주의사항이 어떻게돼?,0
벨록스 복용 시 주의사항이 어떻게돼?,0
벨록스 복용할 때 주의 사항이 어떻게돼?,0
마이티신 복용할 때 고려해야 할 점이 어떻게돼?,0
마이티신 복용 시 주의사항은 어떻게돼?,0
마이티신 복용할 때 주의해야 할 것이 어떻게돼?,0
비자니 주의할 점이 어떻게돼?,0
비자니 먹을 때 주의해야 할 점이 어떻게돼?,0
이부프로펜 먹기 전에 주의해야 할 점이 어떻게돼?,0
진텍 복용하기 전에 알아야 할 점이 어떻게돼?,0
진텍 복용할 때 미리 알아야 할 것이 어떻게돼?,0
진텍 복용할 때 고려해야 할 점이 어떻게돼?,0
진텍 복용할 때 어떤 점을 주의해야 할까?,0
진텍 복용 시 무엇을 주의해야 하지?,0
진텍 먹기 전에 알아야 할 점이 어떻게돼?,0
진텍 먹을 때 미리 알아야 할 것이 어떻게돼?,0
진텍 먹을 때 고려해야 할 점이 어떻게돼?,0
진텍 먹을 때 어떤 점을 주의해야 할까?,0
진텍 먹을 시 무엇을 주의해야 하지?,0
비자니정 먹을 때 뭐를 주의해야해?,0
앱시토정의 주의할 점이 어떻게돼?,0
앱시토의 주의사항은 어떻게돼?,0
에어페낙듀 먹을 때 뭐를 주의해야 할까?,0
에어페낙듀오가 가진 주의사항이 어떻게돼?,0
에어페오의 주의해야 하는 점이 어떻게돼?,0
아세리손 주의해야 하는게 어떻게돼?,0
조인엔콘드 먹을 때 고려해야 할 점이 어떻게돼?,0
텔미로젯이 갖고 있는 주의 사항이 어떻게돼?,0
에어페낙듀 복용할 때 뭐를 주의해야 할까?,0
에어페낙듀오가 가진 주의사항이 어떻게돼?,0
에어페오의 주의해야 하는 점이 어떻게돼?,0
아세리손 주의해야 하는게 어떻게돼?,0
조인엔콘드 복용할 때 고려해야 할 점이 어떻게돼?,0
텔미로젯이 갖고 있는 주의 사항이 어떻게돼?,0
마그온맥 고려 사항이 뭐야?,0
마그온맥 고려해야 할 사항이 뭐야?,0
마그온맥 뭐를 고려해야 할까?,0
마그온맥 먹을 때 고려해야 할 것이 있을까?,0
씨이엔 고려하면 좋을 점은 뭐야?,0
씨이엔 어떤 것을 고려해야해?,0
씨이엔 먹을 때 뭐를 고려해야헤?,0
벨록 먹을 때 고려사항이 있어?,0
씨이엔 복용할 때 뭐를 주의해야헤?,0
벨록 복용할 때 고려사항이 있어?,0
벨록 복용 시 고려사항,0
벨록 복용할 때 고려 사항이 뭐야?,0
마이티 복용할 때 주의해야 할 점이 뭐야?,0
마이티 복용 시 고려사항은?,0
마이티 복용할 때 고려해야 할 것이 뭐야?,0
벨록스 먹을 시 고려사항,0
벨록스 먹을 때 고려 사항이 뭐야?,0
마이 먹을 때 주의해야 할 점이 뭐야?,0
마이 먹을 시 고려사항은?,0
마이 먹을 때 고려해야 할 것이 뭐야?,0
벨록 복용 시 주의사항,0
벨록 복용할 때 주의사항이 뭐야?,0
마이티 복용할 때 주의해야 할 사항이 뭐야?,0
마이티 복용 시 주의사항은?,0
마이티 복용할 때 주의해야 할 사항이 뭐야?,0
벨록스 먹을 시 주의사항,0
벨록스 먹을 때 고려 사항이 뭐야?,0
마이 먹을 때 주의해야 할 점이 뭐야?,0
마이 먹을 시 주의사항은?,0
마이 먹을 때 고려해야 할 사항이 뭐야?,0
비자니 고려할 점이 있을 까?,0
비자니 먹을 때 고려해야 할 점이 있어?,0
이부프로펜 먹기 전에 고려해야 할 점이 있을까?,0
비자니 복용할 때 고려해야 할 점이 있어?,0
이부프로펜 복용 전에 고려해야 할 점이 있을까?,0
알진 복용하기 전에 알아야 할 점이 있을까?,0
알진 복용할 때 미리 알아야 할 것이 있을까?,0
알진 복용할 때 알아야 할 점이 있을끼?,0
알진 복용할 때 어떤 점을 알아야 할까?,0
알진 복용 시 무엇을 알아야 하지?,0
알진 먹기 전에 알아야 할 점이 있을까?,0
알진 먹을 때 미리 알아야 할 것이 있을까?,0
알진 먹을 때 알아야 할 점이 있을끼?,0
알진 먹을 때 어떤 점을 알아야 할까?,0
알진 먹을 시 무엇을 알아야 하지?,0
비자니 고려할 사항이 있을 까?,0
비자니 먹을 때 고려해야 할 사항이 있어?,0
이부프로펜 먹기 전에 고려해야 할 사항이 있을까?,0
비자니 복용할 때 고려해야 할 사항이 있어?,0
이부프로펜 복용 전에 고려해야 할 사항이 있을까?,0
알진 복용하기 전에 알아야 할 사항이 있을까?,0
알진 복용할 때 미리 알아야 할 사항이 있을까?,0
알진 복용할 때 알아야 할 사항이 있을끼?,0
알진 복용할 때 어떤 점을 알아야 할까?,0
알진 복용 시 무엇을 알아야 하지?,0
알진 먹기 전에 알아야 할 사항이 있을까?,0
알진 먹을 때 미리 알아야 할 사항이 있을까?,0
알진 먹을 때 알아야 할 사항이 있을끼?,0
알진 먹을 때 어떤 점을 알아야 할까?,0
알진 먹을 시 무엇을 알아야 하지?,0
비자니정 복용할 때 뭐를 알아야해?,0
비자니정 먹을 때 뭐를 알아해야해?,0
앱시토정의 알아야할 점이 있어?,0
앱시토의 알아야 할 사항은?,0
에어페낙듀 먹을 때 뭐를 알아야 할까?,0
에어페낙듀오가 가진 알아야 할 사항이 뭐야?,0
에어페오의 알아야 하는 점이 있어?,0
아세리손 알아야 하는게 뭐야?,0
조인엔콘드 먹을 때 주의야 할 점이 뭐야?,0
텔미로젯이 갖고 있는 고려 사항이 있어?,0
마그 고려 사항이 어떻게돼?,0
마그 고려해야 할 사항이 어떻게돼?,0
마그 뭐를 고려해야 할까?,0
마그 먹을 때 고려해야 할 것이 있을까?,0
씨이엔브이 고려하면 좋을 점은 어떻게돼?,0
씨이엔브이 어떤 것을 고려해야해?,0
씨이엔브이 먹을 때 뭐를 주의해야헤?,0
벨록스 먹을 때 고려사항이 어떻게돼?,0
벨록스 복용 시 주고려사항이 어떻게돼?,0
벨록스 복용할 때 고려 사항이 어떻게돼?,0
마이티신 복용할 때 주의해야 할 점이 어떻게돼?,0
마이티신 복용 시 고려사항은 어떻게돼?,0
마이티신 복용할 때 고려해야 할 것이 어떻게돼?,0
비자니 고려할 점이 어떻게돼?,0
비자니 먹을 때 고려해야 할 점이 어떻게돼?,0
이부프로펜 먹기 전에 고려해야 할 점이 어떻게돼?,0
진텍 복용하기 전에 알아야 할 점이 어떻게돼?,0
진텍 복용할 때 미리 알아야 할 것이 어떻게돼?,0
진텍 복용할 때 알아야 할 점이 어떻게돼?,0
진텍 복용할 때 어떤 점을 알아야 할까?,0
진텍 복용 시 무엇을 고려해야 하지?,0
진텍 먹기 전에 알아야 할 점이 어떻게돼?,0
진텍 먹을 때 미리 알아야 할 것이 어떻게돼?,0
진텍 먹을 때 주의해야 할 점이 어떻게돼?,0
진텍 먹을 때 어떤 점을 고려해야 할까?,0
진텍 먹을 시 무엇을 고려해야 하지?,0
비자니정 먹을 때 뭐를 고려해야해?,0
앱시토정의 고려할 점이 어떻게돼?,0
앱시토의 고려사항은 어떻게돼?,0
에어페낙듀 먹을 때 뭐를 고려해야 할까?,0
에어페낙듀오가 가진 주의사항이 어떻게돼?,0
에어페오의 고려해야 하는 점이 어떻게돼?,0
아세리손 고려해야 하는게 어떻게돼?,0
조인엔콘드 먹을 때 고려해야 할 점이 어떻게돼?,0
텔미로젯이 갖고 있는 주의 사항이 어떻게돼?,0
에어페낙듀 복용할 때 뭐를 주의해야 할까?,0
에어페낙듀오가 가진 주의사항이 어떻게돼?,0
에어페오의 주의해야 하는 점이 어떻게돼?,0
아세리손 주의해야 하는게 어떻게돼?,0
조인엔콘드 복용할 때 고려해야 할 점이 어떻게돼?,0
텔미로젯이 갖고 있는 주의 사항이 어떻게돼?,0
홍익대학교 근처 약국 알려줘,1
홍익대학교 약국 추천해줘,1
홍익대학교 주변의 약국 알려줘,1
홍익대학교 주변 약국 추천해줘,1
홍익대 근처 약국 알려줘,1
마포구 약국 알려줘,1
홍익대 근처 약국 위치 알려줘,1
홍대 주변 약국 목록 알려줘,1
홍대 근처 약국 알려줘,1
홍대 근처 약국 추천해줘,1
홍대 거리에 있는 약국 알려줘,1
홍대입구 근처 약국 알려줘,1
홍입 9번 출구 근처 약국 알려줘,1
홍대입구역 주변 약국 알려줘,1
홍대입구역 근처 약국 추천해줘,1
홍입 9번 출구 약국 알려줘,1
상수역 근처 약국 알려줘,1
상수역 주변 약국 알려줘,1
마포구 와우산로 약국 알려줘,1
마포구 와우산로 근처 약국 알려줘,1
마포구 상수동 주변 약국 알려줘,1
마포구 상수동 근처 약국 알려줘,1
마포구 상수동 약국 추천해줘,1
상수동 약국 알려줘,1
마포구 동교동 주변 약국 알려줘,1
근처 약국 위치 알려주세요,1
근처 약국 알려주세요,1
내 주변 약국 어디있는지 알려줘,1
내 주변 약국 어디에 있어?,1
마포구 약국 알려줄래?,1
아 홍대 약국 위치 알려줄래?,1
홍대 근처 약국이 어디에 있니?,1
홍대 근처 약국이 어디 있어?,1
홍대 근처 약국 좀 알려주세요,1
홍대 약국 추천해줘,1
홍익대학교 근처 약국 알고 싶어,1
홍익대학교 약국 알고 싶어,1
홍대입구 주변 약국 알고 싶어,1
홍익대학교 주변 약국 알 수 있을까?,1
홍대 주변 약국 알 수 있을까?,1
홍익대학교 약국 추천 해주세요,1
홍익대 근처 약국 추천해주세요,1
마포구 동교동 약국 알려주라,1
마포구 동교동에 있는 약국 알려줘,1
마포구 서교동에 있는 약국 어디 있니,1
마포구 서교동 약국 어디 있니?,1
마포구 서교동 약국 알려주라,1
약국 알고 싶다,1
약 어디서 살 수 있니?,1
주변에서 약 살 수 있는 곳 알려줘,1
약국이 알고 싶다,1
약국이 어디에 있는지 알고 싶어요,1
약국 위치 알고 싶습니다,1
약국 위치 알려저,1
약국 알려줘,1
약국 추천해줘,1
약국 알려주라,1
홍익대 약국 알려줘,1
상수역 쪽 약국 알려줘,1
상수역 부근 약국 알려줄래?,1
상수역 주변 약국 알려주세요,1
상수역 약국이 알고 싶어,1
상수역이랑 가까운 약국 알고 싶어,1
상수역이랑 가까운 약국 원해,1
상수역 가까운 약국 알려줘,1
홍대입구역과 가까운 약국 알려주라,1
홍대입구역이랑 가까운 약국 알려주라,1
홍대입구역 부근 약국 알려주세요,1
홍대 약국 위치 알려주세요,1
홍대 약국 어디에 있니?,1
홍대 약국 어디쯤 있어?,1
홍익대학교 약국 어디 있어?,1
마포구 약국 추천해줘,1
홍익대학교 주변 약국은 어디에 있을까요?,1
내 주변 약국 알려줘,1
주변 약국 알려줘,1
근처 약국 알려줘,1
근처 약국 위치 알려줘,1
주변 약국 위치 알려줘,1
주변 약국 알려주라,1
주변 약국 위치 알려주라,1
주변 약국 위치 부탁드립니다,1
홍익대학교 근처 약국 위치 알려주세요,1
홍익대학교 약국 알려주세요,1
홍대 약국 알려주세요,1
홍대 약국 부탁드립니다,1
홍대입구역 근처 약국 위치 부탁드려요,1
상상마당 주변 약국 알려줘,1
나와 제일 가까운 약국 알려줘,1
나와 제일 가까운 약국 위치 알려줘,1
제일 가까운 약국 알려줘,1
제일 가까운 약국 위치 알려줘,1
제일 가까운 약국 추천해줘,1
제일 가까운 약국 알고 싶어,1
가까운 약국 추천해줘.,1
가까운 약국 알려줄래?,1
최단거리 약국 알고 싶어.,1
상수역에서 제일 가까운 약국 알려줘.,1
홍익대학교에서 가장 가까운 약국 알려줄래?,1
홍익대학교 근처 병원 알려줘,2
홍익대학교 내과 추천해줘,2
홍익대학교 주변에 내과 알려줘,2
홍익대학교 주변 내과 추천해줘,2
홍익대 근처 이비인후과 알려줘,2
홍익대 주변의 이비인후과 추천해줘,2
홍익대 근처 치과 알려줘,2
홍대 주변 내과 목록 알려줘,2
홍대 근처 병원 알려줘,2
홍대 근처 내과 병원 추천해줘,2
홍대 거리에 있는 이비인후과 알려줘,2
홍대입구 근처 내과 알려줘,2
홍입 9번 출구 근처 병원 알려줘,2
홍대입구역 주변 병원 알려줘,2
홍대입구역 근처 이비인후과 추천해줘,2
홍입 9번 출구 내과 알려줘,2
상수역 근처 치과 알려줘,2
상수역 주변 치과 알려줘,2
마포구 와우산로 치과 알려줘,2
마포구 와우산로 근처 안과 알려줘,2
마포구 상수동 주변 안과 알려줘,2
마포구 상수동 근처 안과 알려줘,2
마포구 상수동 안과 추천해줘,2
상수동 안과 알려줘,2
지금 연 상수동 안과 병원 알려줘,2
근처 병원 위치 알려주세요,2
근처 병원 알려주세요,2
내 주변 병원 어디있는지 알려줘,2
내 주변 병원 어디에 있어?,2
마포구 병원 알려줄래?,2
아 홍대 병원 위치 알려줄래?,2
홍대 근처 병원이 어디에 있니?,2
홍대 근처 병원이 어디 있어?,2
홍대 근처 병원 좀 알려주세요,2
홍대 병원 추천해줘,2
홍익대학교 근처 병원 알고 싶어,2
홍익대학교 병원 알고 싶어,2
홍대입구 주변 병원 알고 싶어,2
홍익대학교 주변 병원 알 수 있을까?,2
홍대 주변 병원 알 수 있을까?,2
홍익대학교 병원 추천 해주세요,2
홍익대 근처 병원 추천해주세요,2
마포구 동교동 병원 알려주라,2
마포구 동교동에 있는 병원 알려줘,2
마포구 서교동에 있는 병원 어디 있니,2
마포구 서교동 병원 어디 있니?,2
마포구 서교동 병원 알려주라,2
병원 알고 싶다,2
병원이 알고 싶다,2
병원이 어디에 있는지 알고 싶어요,2
병원 위치 알고 싶습니다,2
병원 위치 알려저,2
병원 알려줘,2
병원 추천해줘,2
병원 알려주라,2
홍익대 병원 알려줘,2
병원,2
상수역 쪽 병원 알려줘,2
상수역 부근 병원 알려줄래?,2
상수역 주변 병원 알려주세요,2
상수역 병원이 알고 싶어,2
상수역이랑 가까운 병원 알고 싶어,2
상수역이랑 가까운 병원 원해,2
상수역 가까운 병원 알려줘,2
홍대입구역과 가까운 병원 알려주라,2
홍대입구역이랑 가까운 병원 알려주라,2
홍대입구역 부근 병원 알려주세요,2
홍대 병원 위치 알려주세요,2
홍대 병원 어디에 있니?,2
홍대 병원 어디쯤 있어?,2
홍익대학교 병원 어디 있어?,2
마포구 병원 추천해줘,2
홍익대학교 주변 병원은 어디에 있을까요?,2
내 주변 병원 알려줘,2
주변 한의원 알려줘,2
근처 한의원 알려줘,2
근처 한의원 위치 알려줘,2
주변 한의원 위치 알려줘,2
주변 한의원 알려주라,2
주변 한의원 위치 알려주라,2
주변 한의원 위치 부탁드립니다,2
홍익대학교 근처 병원 위치 알려주세요,2
홍익대학교 병원 알려주세요,2
홍대 병원 알려주세요,2
홍대 병원 부탁드립니다,2
홍대입구역 근처 병원 위치 부탁드려요,2
상상마당 주변 병원 알려줘,2
나와 제일 가까운 병원 알려줘,2
나와 제일 가까운 병원 위치 알려줘,2
제일 가까운 병원 알려줘,2
제일 가까운 병원 위치 알려줘,2
제일 가까운 병원 추천해줘,2
제일 가까운 병원 알고 싶어,2
가까운 병원 추천해줘,2
가까운 병원 알려줘 ,2
최단거리 병원 알려줘,2
상수역에서 제일 가까운 병원 알려줘,2
홍익대학교에서 가장 가까운 병원 알려줘,2
근처 내과 위치 알려주세요,2
근처 내과 알려주세요,2
내 주변 내과 어디있는지 알려줘,2
내 주변 내과 어디에 있어?,2
마포구 내과 알려줄래?,2
아 홍대 내과 위치 알려줄래?,2
홍대 근처 내과이 어디에 있니?,2
홍대 근처 내과이 어디 있어?,2
홍대 근처 내과 좀 알려주세요,2
홍대 내과 추천해줘,2
홍익대학교 근처 내과 알고 싶어,2
홍익대학교 내과 알고 싶어,2
홍대입구 주변 내과 알고 싶어,2
홍익대학교 주변 내과 알 수 있을까?,2
홍대 주변 내과 알 수 있을까?,2
홍익대학교 내과 추천 해주세요,2
홍익대 근처 내과 추천해주세요,2
마포구 동교동 내과 알려주라,2
마포구 동교동에 있는 내과 알려줘,2
마포구 서교동에 있는 내과 어디 있니,2
마포구 서교동 내과 어디 있니?,2
마포구 서교동 내과 알려주라,2
내과 알고 싶다,2
정형외과가 어디에 있는지 알고 싶어요,2
정형외과 위치 알고 싶습니다,2
정형외과 위치 알려저,2
정형외과 알려줘,2
정형외과 추천해줘,2
정형외과 알려주라,2
홍익대 내과 알려줘,2
내과,2
상수역 쪽 내과 알려줘,2
상수역 부근 내과 알려줄래?,2
상수역 주변 내과 알려주세요,2
상수역 내과이 알고 싶어,2
상수역이랑 가까운 내과 알고 싶어,2
상수역이랑 가까운 내과 원해,2
상수역 가까운 내과 알려줘,2
홍대입구역과 가까운 내과 알려주라,2
홍대입구역이랑 가까운 내과 알려주라,2
홍대입구역 부근 내과 알려주세요,2
홍대 내과 위치 알려주세요,2
홍대 내과 어디에 있니?,2
홍대 내과 어디쯤 있어?,2
홍익대학교 내과 어디 있어?,2
마포구 내과 추천해줘,2
홍익대학교 주변 내과은 어디에 있을까요?,2
내 주변 내과 알려줘,2
주변 내과 알려줘,2
근처 내과 알려줘,2
근처 내과 위치 알려줘,2
주변 내과 위치 알려줘,2
주변 내과 알려주라,2
주변 내과 위치 알려주라,2
주변 내과 위치 부탁드립니다,2
홍익대학교 근처 내과 위치 알려주세요,2
홍익대학교 내과 알려주세요,2
홍대 내과 알려주세요,2
홍대 내과 부탁드립니다,2
홍대입구역 근처 내과 위치 부탁드려요,2
상상마당 주변 내과 알려줘,2
나와 제일 가까운 내과 알려줘,2
나와 제일 가까운 내과 위치 알려줘,2
제일 가까운 내과 알려줘,2
제일 가까운 내과 위치 알려줘,2
제일 가까운 내과 추천해줘,2
제일 가까운 내과 알고 싶어,2
가까운 내과 추천해줘,2
가까운 내과 알려줘 ,2
최단거리 내과 알려줘,2
상수역에서 제일 가까운 내과 알려줘,2
홍익대학교에서 가장 가까운 내과 알려줘,2
근처 이비인후과 위치 알려주세요,2
근처 이비인후과 알려주세요,2
내 주변 이비인후과 어디있는지 알려줘,2
내 주변 이비인후과 어디에 있어?,2
마포구 이비인후과 알려줄래?,2
아 홍대 이비인후과 위치 알려줄래?,2
홍대 근처 이비인후과이 어디에 있니?,2
홍대 근처 이비인후과이 어디 있어?,2
홍대 근처 이비인후과 좀 알려주세요,2
홍대 이비인후과 추천해줘,2
홍익대학교 근처 이비인후과 알고 싶어,2
홍익대학교 이비인후과 알고 싶어,2
홍대입구 주변 이비인후과 알고 싶어,2
홍익대학교 주변 이비인후과 알 수 있을까?,2
홍대 주변 이비인후과 알 수 있을까?,2
홍익대학교 이비인후과 추천 해주세요,2
홍익대 근처 이비인후과 추천해주세요,2
마포구 동교동 이비인후과 알려주라,2
마포구 동교동에 있는 이비인후과 알려줘,2
마포구 서교동에 있는 이비인후과 어디 있니,2
마포구 서교동 이비인후과 어디 있니?,2
마포구 서교동 이비인후과 알려주라,2
가정의학과과 알고 싶다,2
가정의학과과가 알고 싶다,2
가정의학과과가 어디에 있는지 알고 싶어요,2
가정의학과과 위치 알고 싶습니다,2
가정의학과과 위치 알려저,2
가정의학과과 알려줘,2
가정의학과과 추천해줘,2
가정의학과과 알려주라,2
홍익대 이비인후과 알려줘,2
이비인후과,2
상수역 쪽 이비인후과 알려줘,2
상수역 부근 이비인후과 알려줄래?,2
상수역 주변 이비인후과 알려주세요,2
상수역 이비인후과이 알고 싶어,2
상수역이랑 가까운 이비인후과 알고 싶어,2
상수역이랑 가까운 이비인후과 원해,2
상수역 가까운 이비인후과 알려줘,2
홍대입구역과 가까운 이비인후과 알려주라,2
홍대입구역이랑 가까운 이비인후과 알려주라,2
홍대입구역 부근 이비인후과 알려주세요,2
홍대 이비인후과 위치 알려주세요,2
홍대 이비인후과 어디에 있니?,2
홍대 이비인후과 어디쯤 있어?,2
홍익대학교 이비인후과 어디 있어?,2
마포구 이비인후과 추천해줘,2
홍익대학교 주변 이비인후과은 어디에 있을까요?,2
내 주변 이비인후과 알려줘,2
주변 산부인과 알려줘,2
근처 산부인과 알려줘,2
근처 산부인과 위치 알려줘,2
주변 산부인과 위치 알려줘,2
주변 산부인과 알려주라,2
주변 산부인과 위치 알려주라,2
주변 산부인과 위치 부탁드립니다,2
홍익대학교 근처 이비인후과 위치 알려주세요,2
홍익대학교 이비인후과 알려주세요,2
홍대 이비인후과 알려주세요,2
홍대 이비인후과 부탁드립니다,2
홍대입구역 근처 이비인후과 위치 부탁드려요,2
상상마당 주변 이비인후과 알려줘,2
나와 제일 가까운 이비인후과 알려줘,2
나와 제일 가까운 이비인후과 위치 알려줘,2
제일 가까운 비뇨기과 알려줘,2
제일 가까운 비뇨기과 위치 알려줘,2
제일 가까운 비뇨기과 추천해줘,2
제일 가까운 비뇨기과 알고 싶어,2
가까운 비뇨기과 추천해줘,2
가까운 비뇨기과 알려줘 ,2
최단거리 비뇨기과과알려줘,2
상수역에서 제일 가까운 이비인후과 알려줘,2
홍익대학교에서 가장 가까운 이비인후과 알려줘,2
근처 치과 위치 알려주세요,2
근처 치과 알려주세요,2
내 주변 치과 어디있는지 알려줘,2
내 주변 치과 어디에 있어?,2
마포구 치과 알려줄래?,2
아 홍대 치과 위치 알려줄래?,2
홍대 근처 치과이 어디에 있니?,2
홍대 근처 치과이 어디 있어?,2
홍대 근처 치과 좀 알려주세요,2
홍대 치과 추천해줘,2
홍익대학교 근처 치과 알고 싶어,2
홍익대학교 치과 알고 싶어,2
홍대입구 주변 치과 알고 싶어,2
홍익대학교 주변 치과 알 수 있을까?,2
홍대 주변 치과 알 수 있을까?,2
홍익대학교 치과 추천 해주세요,2
홍익대 근처 치과 추천해주세요,2
마포구 동교동 치과 알려주라,2
마포구 동교동에 있는 치과 알려줘,2
마포구 서교동에 있는 치과 어디 있니,2
마포구 서교동 치과 어디 있니?,2
마포구 서교동 치과 알려주라,2
응급실 알고 싶다,2
응급실이 알고 싶다,2
응급실가 어디에 있는지 알고 싶어요,2
응급실 위치 알고 싶습니다,2
응급실 위치 알려저,2
응급실 알려줘,2
응급실 추천해줘,2
응급실 알려주라,2
홍익대 치과 알려줘,2
치과,2
상수역 쪽 치과 알려줘,2
상수역 부근 치과 알려줄래?,2
상수역 주변 치과 알려주세요,2
상수역 치과이 알고 싶어,2
상수역이랑 가까운 치과 알고 싶어,2
상수역이랑 가까운 치과 원해,2
상수역 가까운 치과 알려줘,2
홍대입구역과 가까운 치과 알려주라,2
홍대입구역이랑 가까운 치과 알려주라,2
홍대입구역 부근 치과 알려주세요,2
홍대 치과 위치 알려주세요,2
홍대 치과 어디에 있니?,2
홍대 치과 어디쯤 있어?,2
홍익대학교 치과 어디 있어?,2
마포구 치과 추천해줘,2
홍익대학교 주변 치과은 어디에 있을까요?,2
내 주변 치과 알려줘,2
주변 치과 알려줘,2
근처 치과 알려줘,2
근처 치과 위치 알려줘,2
주변 치과 위치 알려줘,2
주변 치과 알려주라,2
주변 치과 위치 알려주라,2
주변 치과 위치 부탁드립니다,2
홍익대학교 근처 치과 위치 알려주세요,2
홍익대학교 치과 알려주세요,2
홍대 치과 알려주세요,2
홍대 치과 부탁드립니다,2
홍대입구역 근처 치과 위치 부탁드려요,2
상상마당 주변 치과 알려줘,2
나와 제일 가까운 소아과 알려줘,2
나와 제일 가까운 소아과 위치 알려줘,2
제일 가까운 소아과 알려줘,2
제일 가까운 소아과 위치 알려줘,2
제일 가까운 소아과 추천해줘,2
제일 가까운 소아과 알고 싶어,2
가까운 치과 추천해줘,2
가까운 치과 알려줘 ,2
최단거리 치과 알려줘,2
상수역에서 제일 가까운 치과 알려줘,2
홍익대학교에서 가장 가까운 치과 알려줘,2
근처 안과 위치 알려주세요,2
근처 안과 알려주세요,2
내 주변 안과 어디있는지 알려줘,2
내 주변 안과 어디에 있어?,2
마포구 안과 알려줄래?,2
아 홍대 안과 위치 알려줄래?,2
홍대 근처 안과이 어디에 있니?,2
홍대 근처 안과이 어디 있어?,2
홍대 근처 안과 좀 알려주세요,2
홍대 안과 추천해줘,2
홍익대학교 근처 안과 알고 싶어,2
홍익대학교 안과 알고 싶어,2
홍대입구 주변 안과 알고 싶어,2
홍익대학교 주변 안과 알 수 있을까?,2
홍대 주변 안과 알 수 있을까?,2
홍익대학교 안과 추천 해주세요,2
홍익대 근처 안과 추천해주세요,2
마포구 동교동 안과 알려주라,2
마포구 동교동에 있는 안과 알려줘,2
마포구 서교동에 있는 안과 어디 있니,2
마포구 서교동 안과 어디 있니?,2
마포구 서교동 안과 알려주라,2
안과 알고 싶다,2
안과이 알고 싶다,2
안과이 어디에 있는지 알고 싶어요,2
안과 위치 알고 싶습니다,2
안과 위치 알려저,2
안과 알려줘,2
안과 추천해줘,2
안과 알려주라,2
홍익대 안과 알려줘,2
안과,2
상수역 쪽 안과 알려줘,2
상수역 부근 안과 알려줄래?,2
상수역 주변 안과 알려주세요,2
상수역 안과이 알고 싶어,2
상수역이랑 가까운 안과 알고 싶어,2
상수역이랑 가까운 안과 원해,2
상수역 가까운 안과 알려줘,2
홍대입구역과 가까운 안과 알려주라,2
홍대입구역이랑 가까운 안과 알려주라,2
홍대입구역 부근 안과 알려주세요,2
홍대 안과 위치 알려주세요,2
홍대 안과 어디에 있니?,2
홍대 안과 어디쯤 있어?,2
홍익대학교 안과 어디 있어?,2
마포구 안과 추천해줘,2
홍익대학교 주변 안과는 어디에 있을까요?,2
내 주변 안과 알려줘,2
주변 안과 알려줘,2
근처 안과 알려줘,2
근처 안과 위치 알려줘,2
주변 안과 위치 알려줘,2
주변 안과 알려주라,2
주변 안과 위치 알려주라,2
주변 안과 위치 부탁드립니다,2
홍익대학교 근처 안과 위치 알려주세요,2
홍익대학교 안과 알려주세요,2
홍대 안과 알려주세요,2
홍대 안과 부탁드립니다,2
홍대입구역 근처 안과 위치 부탁드려요,2
상상마당 주변 안과 알려줘,2
나와 제일 가까운 안과 알려줘,2
나와 제일 가까운 안과 위치 알려줘,2
제일 가까운 안과 알려줘,2
제일 가까운 안과 추천해줘,2
가까운 안과 추천해줘,2
가까운 안과 알려줘 ,2
최단거리 안과 알려줘,2
상수역에서 제일 가까운 안과 알려줘,2
홍익대학교에서 가장 가까운 안과 알려줘,2
주변 외과 알려줘,2
근처 외과 알려줘,2
근처 외과 위치 알려줘,2
주변 외과 위치 알려줘,2
주변 외과 알려주라,2
주변 외과 위치 알려주라,2
주변 외과 위치 부탁드립니다,2
홍익대학교 근처 외과 위치 알려주세요,2
홍익대학교 외과 알려주세요,2
홍대 외과 알려주세요,2
홍대 외과 부탁드립니다,2
주변 내과 알려줘,2
근처 내과 알려줘,2
근처 내과 위치 알려줘,2
주변 내과 위치 알려줘,2
주변 내과 알려주라,2
주변 내과 위치 알려주라,2
주변 내과 위치 부탁드립니다,2
홍익대학교 근처 치과 위치 알려주세요,2
홍익대학교 치과 알려주세요,2
홍대 치과 알려주세요,2
홍대 치과 부탁드립니다,2
주변 정신과 알려줘,2
근처 정신과 알려줘,2
근처 정신과 위치 알려줘,2
주변 정신과 위치 알려줘,2
주변 정신과 알려주라,2
주변 정신과 위치 알려주라,2
주변 정신과 위치 부탁드립니다,2
홍익대학교 근처 정신과 위치 알려주세요,2
홍익대학교 정신과 알려주세요,2
홍대 정신과 알려주세요,2
홍대 정신과 부탁드립니다,2
홍대 응급실 부탁드립니다,2
주변 신경과 알려줘,2
근처 신경과 알려줘,2
근처 신경과 위치 알려줘,2
주변 신경과 위치 알려줘,2
주변 신경과 알려주라,2
주변 응급실 위치 알려주라,2
주변 응급실 위치 부탁드립니다,2
홍익대학교 근처 응급실 위치 알려주세요,2
홍익대학교 응급실 알려주세요,2
홍대 응급실 알려주세요,2
홍대 응급실 부탁드립니다,2
홍대 소아과 알려주세요,2
홍대 소아과 부탁드립니다,2
홍대 소아과 부탁드립니다,2
주변 소아과 알려줘,2
근처 소아과 알려줘,2
근처 피부과 위치 알려줘,2
주변 피부과 위치 알려줘,2
주변 피부과 알려주라,2
주변 피부과 위치 알려주라,2
주변 피부과 위치 부탁드립니다,2
이부프로펜의 부작용은 무엇인가요?,3
아세틸살리실산의 부작용이 뭐야?,3
아세트아미노펜의 부작용 알려줄래?,3
세레콕시브의 부작용 알려줘.,3
스트렙실의 부작용이 어떻게 돼?,3
오르리스타트의 부작용에 대해 설명해줄래?,3
이가탄의 부작용에 대해 설명해줘.,3
영양제의 어떤 부작용이 있을까?,3
A의 부작용에 대해 알고 싶어.,3
B의 부작용에 대해서 궁금해.,3
C의 부작용은 어떤 것이 있을까?,3
가의 부작용에 대해 알려줘.,3
나의 부작용에 대해서 알려주세요.,3
다의 부작용에 대해서 알려주라.,3
라의 부작용에 대한 질문.,3
마의 부작용은?,3
바의 부작용이 뭐야?,3
항생제 부작용,3
사을 먹었을 때 생길 수 있는 문제가 뭐야?,3
아을 먹었을 때 생길 수 있는 문제를 알려줄래?,3
자을 먹었을 때 생길 수 있는 문제를 알려줘.,3
차을 먹었을 때 생길 수 있는 문제가 어떻게 돼?,3
카을 먹었을 때 생길 수 있는 문제에 대해 설명해줄래?,3
타을 먹었을 때 생길 수 있는 문제에 대해 설명해줘.,3
파을 먹었을 때 생길 수 있는 문제는 어떤 것이 있을까?,3
하을 먹었을 때 어떤  문제가 발생할까?,3
타이레놀을 먹었을 때 생길 수 있는 문제에 대해 알고 싶어.,3
이부프로펜 부작용은 무엇인가요?,3
이지엔 부작용이 뭐야?,3
아스피린 부작용 알려줄래?,3
알보칠 부작용 알려줘.,3
타미플루 부작용이 어떻게 돼?,3
엘리멘탈 부작용에 대해 설명해줄래?,3
콜대원 부작용에 대해 설명해줘.,3
스타벅스 어떤 부작용이 있을까?,3
이부프로펜 부작용에 대해 알고 싶어.,3
C 부작용에 대해서 궁금해.,3
D 부작용은 어떤 것이 있을까?,3
E 부작용에 대해 알려줘.,3
F 부작용에 대해서 알려주세요.,3
g 부작용에 대해서 알려주라.,3
포리버연질캡슐 부작용에 대한 질문.,3
마그온플러스연질캡슐 부작용은?,3
서큐실산정 부작용이 뭐야?,3
듀카브플러스정 부작용 알려줘,3
페노제티브정 부작용이 궁금해,3
이부브롬 부작용,3
페낙손정 먹었을 때 생길 수 있는 문제가 뭐야?,3
라베콤비정 먹었을 때 생길 수 있는 문제를 알려줄래?,3
에페신에이스 먹었을 때 생길 수 있는 문제를 알려줘.,3
디에논 먹었을 때 생길 수 있는 문제가 어떻게 돼?,3
한림디스트 먹었을 때 생길 수 있는 문제에 대해 설명해줄래?,3
지엘디에노게스트 먹었을 때 생길 수 있는 문제에 대해 설명해줘.,3
비디엠 먹었을 때 생길 수 있는 문제는 어떤 것이 있을까?,3
엑스키비티 먹었을 때 어떤  문제가 발생할까?,3
알진텍정 먹었을 때 생길 수 있는 문제에 대해 알고 싶어.,3
이부프로펜의 부작용 알려줘,3
아세틸살리실산의 부작용이 뭔지 알려줘?,3
아세트아미노펜의 부작용 알려줄래?,3
세레콕시브의 부작용 알려줘.,3
스트렙실의 부작용이 어떻게 되는지 알려줘,3
오르리스타트의 부작용에 대해 설명해줄래?,3
이가탄의 부작용에 대해 알려줘.,3
영양제의 어떤 부작용이 있을지 알려줄래?,3
A의 부작용에 대해 알고 싶어.,3
B의 부작용에 대해서 알려줘.,3
C의 부작용은 어떤 것이 있을까?,3
가의 부작용에 대해 알려줘.,3
나의 부작용에 대해서 알려주세요.,3
다의 부작용에 대해서 알려주라.,3
마의 부작용은?,3
바의 부작용이 뭐야?,3
항생제 부작용,3
사을 먹었을 때 생길 수 있는 문제가 뭔지 알려줘?,3
아을 먹었을 때 생길 수 있는 문제를 알려줄래?,3
자을 먹었을 때 생길 수 있는 문제를 알려줘.,3
하을 먹었을 때 어떤  문제가 발생할까?,3
타이레놀을 먹었을 때 생길 수 있는 문제에 대해 알려줘.,3
이부프로펜 부작용은 무엇인지 알려줘,3
이지엔 부작용이 뭔지 알려줘,3
아스피린 부작용 알려줘,3
알보칠 부작용 알려줘.,3
타미플루 부작용이 어떻게 되는지 알려줘,3
엘리멘탈 부작용에 대해 설명해줄래?,3
콜대원 부작용에 대해 설명해줘.,3
스타벅스 어떤 부작용이 있을지 알려줘,3
이부프로펜 부작용에 대해 알고 싶어.,3
C 부작용에 대해서 궁금해.,3
D 부작용은 어떤 것이 있을까?,3
E 부작용에 대해 알려줘.,3
F 부작용에 대해서 알려주세요.,3
g 부작용에 대해서 알려주라.,3
포리버연질캡슐 부작용에 대한 질문.,3
마그온플러스연질캡슐 부작용은?,3
서큐실산정 부작용이 뭐야?,3
듀카브플러스정 부작용 알려줘,3
페노제티브정 부작용이 궁금해,3
이부브롬 부작용,3
페낙손정 먹었을 때 생길 수 있는 문제가 뭐야?,3
라베콤비정 먹었을 때 생길 수 있는 문제를 알려줄래?,3
에페신에이스 먹었을 때 생길 수 있는 문제를 알려줘.,3
디에논 먹었을 때 생길 수 있는 문제가 어떻게 돼?,3
한림디스트 먹었을 때 생길 수 있는 문제에 대해 설명해줄래?,3
지엘디에노게스트 먹었을 때 생길 수 있는 문제에 대해 설명해줘.,3
비디엠 먹었을 때 생길 수 있는 문제는 어떤 것이 있을까?,3
엑스키비티 먹었을 때 어떤  문제가 발생할까?,3
알진텍정 먹었을 때 생길 수 있는 문제에 대해 알고 싶어.,3
낙손정 먹었을 때 생길 수 있는 문제가 어떻게 돼?,3
라베콤비정 먹었을 때 생길 수 있는 문제가 어떻게 돼?,3
에페신에이스 먹었을 때 생길 수 있는 문제가 어떻게 돼?,3
디에논 먹었을 때 생길 수 있는 문제가 어떻게 돼?,3
한림디스트 먹었을 때 생길 수 있는 문제가 어떻게 돼??,3
지엘디에노게스트 먹었을 때 생길 수 있는 문제가 어떻게 돼?.,3
비디엠 먹었을 때 생길 수 있는 문제가 어떻게 돼?,3
엑스키비티 먹었을 때 어떤  문제가 발생할까?,3
알진텍정 먹었을 때 생길 수 있는 문제가 어떻게 돼?,3
이부프로펜 부작용이 어떻게 돼?,3
이지엔 부작용이 어떻게 돼?,3
아스피린 부작용이 어떻게 돼?,3
알보칠 부작용이 어떻게 돼?,3
타미플루 부작용이 어떻게 돼?,3
엘리멘탈 부작용이 어떻게 돼?,3
콜대원 부작용이 어떻게 돼?.,3
스타벅스 어떤 부작용이 있을까?,3
이부프로펜 부작용이 어떻게 돼?,3
타세놀정 부작용이 어떻게 돼?,3
타세놀정 부작용이 어떻게 돼??,3
탁센 부작용이 어떻게 돼?,3
탁센 부작용이 어떻게 돼?,3
탁센 부작용이 어떻게 돼?,3
비자니정의 효과는 무엇인가요?,4
앱시토정의 효과가 뭐야?,4
앱시토의 효과 알려줄래?,4
에어페낙듀오의 효과 알려줘.,4
에어페낙듀오의 효과에 대해 알려줘.,4
에어페오의 효과에 대해서 알려줘.,4
아세리손의 효과가 어떻게 돼?,4
조인엔콘드의 효과에 대해 설명해줄래?,4
텔미로젯의 효과에 대해 설명해줘.,4
텔미로젯에는 어떤 효과가 있을까,4
텔미로젯의 효과에 대해 알고 싶어.,4
비자니정 효과는 무엇인가요?,4
앱시토정 효과가 뭐야?,4
앱시토 효과 알려줄래?,4
에어페낙듀오 효과 알려줘.,4
에어페낙듀오 효과에 대해 알려줘.,4
에어페오 효과에 대해서 알려줘.,4
아세리손 효과가 어떻게 돼?,4
조인엔콘드 효과에 대해 설명해줄래?,4
텔미로젯 효과에 대해 설명해줘.,4
텔미로젯 어떤 효과가 있을까,4
텔미로젯 효과에 대해 알고 싶어.,4
알프람은 어떨 때 먹는거야?,4
알프람은 어떨 때 먹는거야?,4
알프람은 어떨 때 먹어도 되는거야?,4
알프람은 어떨 때 먹는건지 알고 싶어.,4
타세놀은 어디가 아플 때 먹는거야?,4
타세놀은 어디가 아플 때 먹는건가요?,4
타세놀은 어디가 아플 때 먹는 것인지 알려줘.,4
다파프로은 어디가 아플 때 먹는건지 알려줄래.,4
다파프로을 어디가 아플 때 먹는건지 알고 싶어,4
다파프로은 언제 먹는거야?,4
로피롤에이은 언제 보통 먹는거야?,4
로피롤에이은 보통 언제 먹는건가요?,4
로타인은 언제 먹어야 하는 것인가요?,4
로타인은 언제 먹어야 하는지 알려줄래?,4
로타인은 언제 먹는건지 아려줘.,4
로타인을 언제 먹는건지 알고 싶어.,4
알프 어떨 때 먹는거야?,4
알프 어떨 때 먹는거야?,4
알프 어떨 때 먹어도 되는거야?,4
알프 어떨 때 먹는건지 알고 싶어.,4
타세 어디가 아플 때 먹는거야?,4
타세 어디가 아플 때 먹는건가요?,4
타세 어디가 아플 때 먹는 것인지 알려줘.,4
다파프 어디가 아플 때 먹는건지 알려줄래.,4
다파프 어디가 아플 때 먹는건지 알고 싶어,4
다파프 언제 먹는거야?,4
로피롤에 언제 보통 먹는거야?,4
로피롤에 보통 언제 먹는건가요?,4
로타 언제 먹어야 하는 것인가요?,4
로타 언제 먹어야 하는지 알려줄래?,4
로타 언제 먹는건지 알려줘.,4
로타 언제 먹는건지 알고 싶어.,4
뉴셀디의 복용 효능이 뭐야?,4
뉴셀디의 복용 효능은 무엇인가요?,4
뉴셀디의 복용 효능에 대해서 알고 싶어.,4
뉴셀디의 복용 효능을 알려줘.,4
락토폴의 복용 효능에 대해서 알려줘.,4
락토폴의 복용 효능이 궁금해.,4
락토폴의 복용 효능에 대해서 설명해줄래?,4
화인백의 복용 효능에 대해서 설명해줘.,4
뉴셀디 복용 효능이 뭐야?,4
뉴셀디 복용 효능은 무엇인가요?,4
뉴셀디 복용 효능에 대해서 알고 싶어.,4
뉴셀디 복용 효능을 알려줘.,4
락토폴 복용 효능에 대해서 알려줘.,4
락토폴 복용 효능이 궁금해.,4
락토폴 복용 효능에 대해서 설명해줄래?,4
화인백 복용 효능에 대해서 설명해줘.,4
화인백은 언제 복용하는거야?,4
화인백은 어떨 때 복용하는 것인지 알려줄래?,4
락토그린을 언제 복용하는지 알려줘.,4
락토그린을 어디가 아플 때 복용하는 것인지 알려줘.,4
락토그린은 어디가 아플 때 복용해야해?,4
화인백 언제 복용하는거야?,4
화인백 어떨 때 복용하는 것인지 알려줄래?,4
락토그린 언제 복용하는지 알려줘.,4
락토그린 어디가 아플 때 복용하는 것인지 알려줘.,4
락토그린 어디가 아플 때 복용해야해?,4
알파파워의 복용 효과는 뭐야,4
알파파워의 복용 효과에 대해 알고 싶어.,4
알파파워의 복용 효과를 설명해줘.,4
위캡 효과는 무엇인가요?,4
위캡 효과가 뭐야?,4
위캡 효과 알려줄래?,4
위캡 효과 알려줘.,4
화인백 먹으면 어디에 좋아?,4
화인백 먹으면 어디에 좋은지 알려줄래?,4
락토그린 복용하면 어디에 좋은지 알려줘.,4
락토그린 어디가 아플 때 복용하는 것인지 알려줘.,4
락토그린 어디가 아플 때 복용해야해?,4
알파파워 복용 시 어디가 좋은지 말해줘,4
알파파워의 복용하면 어디에 좋은지 알고 싶어,4
알파파워의 복용하면 어디에 좋을까,4
위캡 먹으면 어디에 좋을까,4
위캡 먹었을 때 뭐가 좋아?,4
위캡 먹으면 뭐가 어디에 좋은지 알려줄래?,4
위캡 어디에 효과 있는지 알려줘.,4
마그랑비 효과가 어떻게 돼?,4
마그랑비 효과에 대해 설명해줄래?,4
마그랑비 효과에 대해 설명해줘.,4
이부브롬에는 어떤 효과가 있을까,4
이부브롬 효과에 대해 알고 싶어.,4
이부브롬 어떨 때 먹는거야?,4
비디엠 어떨 때 먹는거야?,4
비디엠 어떨 때 먹어도 되는거야?,4
비디엠 어떨 때 먹는건지 알고 싶어.,4
엘라오일 어디가 아플 때 먹는거야?,4
엘라오일 어디가 아플 때 먹는건가요?,4
엘라오일 어디가 아플 때 먹는 것인지 알려줘.,4
마그알파 어디가 아플 때 먹는건지 알려줄래.,4
마그알파 어디가 아플 때 먹는건지 알고 싶어,4
마그알파 언제 먹는거야?,4
도배스 언제 보통 먹는거야?,4
도베스 보통 언제 먹는건가요?,4
도베스 언제 먹어야 하는 것인가요?,4
마그온맥스비 언제 먹어야 하는지 알려줄래?,4
마그온맥스비 언제 먹는건지 알려줘.,4
마그온맥스비 언제 먹는건지 알고 싶어.,4
마그온맥스비 효능이 뭐야?,4
씨이엔브이 효능은 무엇인가요?,4
씨이엔브이 효능에 대해서 알고 싶어.,4
씨이엔브이 효능을 알려줘.,4
벨록스 효능에 대해서 알려줘.,4
벨록스 효능이 궁금해.,4
벨록스 효능에 대해서 설명해줄래?,4
마이티신 효능에 대해서 설명해줘.,4
마이티신 언제 복용하는거야?,4
마이티신 어떨 때 복용하는 것인지 알려줄래?,4
비자니 언제 복용하는지 알려줘.,4
비자니 어디가 아플 때 복용하는 것인지 알려줘.,4
이부프로펜 어디가 아플 때 복용해야해?,4
알진텍 복용 효과는 뭐야,4
알진텍 복용 효과에 대해 알고 싶어.,4
알진텍 복용 효과에 대해서 알려줘,4
알진텍 복용 효과에 대해 알려줘.,4
알진텍 복용 효과를 설명해줘.,4
비자니정의 효과를 알려줘,4
앱시토정의 효과가 뭔지 알려줘,4
앱시토의 효과 알려줘,4
에어페낙듀오의 효과 알려줘.,4
에어페낙듀오의 효과에 대해 알려줘.,4
에어페오의 효과에 대해서 알려줘.,4
아세리손의 효과가 어떻게 되는지 알려줘,4
조인엔콘드의 효과에 대해 알려줄래?,4
텔미로젯의 효과에 대해 알려줘.,4
텔미로젯에는 어떤 효과가 있을지 알려줘,4
텔미로젯의 효과에 대해 알고 싶어.,4
비자니정 효과는 무엇인가요?,4
앱시토정 효과가 뭐야?,4
앱시토 효과 알려줄래?,4
에어페낙듀오 효과 알려줘.,4
에어페낙듀오 효과에 대해 알려줘.,4
에어페오 효과에 대해서 알려줘.,4
아세리손 효과가 어떻게 돼?,4
조인엔콘드 효과에 대해 설명해줄래?,4
텔미로젯 효과에 대해 설명해줘.,4
텔미로젯 어떤 효과가 있을까,4
텔미로젯 효과에 대해 알고 싶어.,4
알프람은 어떨 때 먹는거야?,4
알프람은 어떨 때 먹는거야?,4
알프람은 어떨 때 먹어도 되는거야?,4
알프람은 어떨 때 먹는건지 아렬줘.,4
타세놀은 어디가 아플 때 먹는건지 알려줄래?,4
타세놀은 어디가 아플 때 먹는건가요?,4
타세놀은 어디가 아플 때 먹는 것인지 알려줘.,4
다파프로은 어디가 아플 때 먹는건지 알려줄래.,4
다파프로을 어디가 아플 때 먹는건지 알고 싶어,4
타세놀은 어디가 아플 때 먹어야 좋아?,4
타세놀은 어디가 아플 때 먹어야 좋아?,4
타세놀은 어디가 아플 때 먹어야 좋아?.,4
다파프로은 언제 먹는거야?,4
로피롤에이은 언제 보통 먹는거야?,4
로피롤에이은 보통 언제 먹는건가요?,4
로타인은 언제 먹어야 하는 것인가요?,4
로타인은 언제 먹어야 하는지 알려줄래?,4
로피롤에이은 언제 아플 때 먹어야 좋아?,4
로피롤에이은 보통 언제 아플 때 먹어야 좋은가요?,4
로타인은 언제 먹어야 좋은가요?,4
로타인은 언제 먹어야 좋나요?,4
로타인은 언제 먹는건지 알려줘.,4
로타인을 언제 먹는건지 알고 싶어.,4
알프 어떨 때 먹는거야?,4
알프 어떨 때 먹는거야?,4
알프 어떨 때 먹어도 되는거야?,4
알프 어떨 때 먹는건지 알고 싶어.,4
타세 어디가 아플 때 먹는거야?,4
타세 어디가 아플 때 먹는건가요?,4
타세 어디가 아플 때 먹는 것인지 알려줘.,4
다파프 어디가 아플 때 먹는건지 알려줄래.,4
다파프 어디가 아플 때 먹는건지 알고 싶어,4
다파프 언제 먹는거야?,4
로피롤에 언제 보통 먹는거야?,4
로피롤에 보통 언제 먹는건가요?,4
로타 언제 먹어야 하는 것인가요?,4
로타 언제 먹어야 하는지 알려줄래?,4
로타 언제 먹는건지 알려줘.,4
로타 언제 먹는건지 알고 싶어.,4
뉴셀디의 효능이 뭐야?,4
뉴셀디의 효능은 무엇인가요?,4
뉴셀디의 효능에 대해서 알고 싶어.,4
뉴셀디의 효능을 알려줘.,4
락토폴의 효능에 대해서 알려줘.,4
락토폴의 효능이 궁금해.,4
락토폴의 효능에 대해서 설명해줄래?,4
화인백의 효능에 대해서 설명해줘.,4
뉴셀디 효능이 뭐야?,4
뉴셀디 효능은 무엇인가요?,4
뉴셀디 효능에 대해서 알고 싶어.,4
뉴셀디 효능을 알려줘.,4
락토폴 효능에 대해서 알려줘.,4
락토폴 효능이 궁금해.,4
락토폴 효능에 대해서 설명해줄래?,4
화인백 효능에 대해서 설명해줘.,4
뉴셀디 효과이 뭐야?,4
뉴셀디 효과은 무엇인가요?,4
뉴셀디 효과에 대해서 알고 싶어.,4
뉴셀디 효과을 알려줘.,4
락토폴 효과에 대해서 알려줘.,4
락토폴 효과이 궁금해.,4
락토폴 효과에 대해서 설명해줄래?,4
화인백 효과에 대해서 설명해줘.,4
화인백은 언제 복용하는거야?,4
화인백은 어떨 때 복용하는 것인지 알려줄래?,4
락토그린을 언제 복용하는지 알려줘.,4
락토그린을 어디가 아플 때 복용하는 것인지 알려줘.,4
락토그린은 어디가 아플 때 복용해야해?,4
화인백 언제 복용하는거야?,4
화인백 어떨 때 복용하는 것인지 알려줄래?,4
락토그린 언제 복용하는지 알려줘.,4
락토그린 어디가 아플 때 복용하는 것인지 알려줘.,4
락토그린 어디가 아플 때 복용해야해?,4
알파파워의 복용 효과는 뭐야,4
알파파워의 복용 효과에 대해 알고 싶어.,4
알파파워의 복용 효과를 설명해줘.,4
위캡 효과는 무엇인가요?,4
위캡 효과가 뭐야?,4
위캡 효과 알려줄래?,4
위캡 효과 알려줘.,4
마그랑비 효과가 어떻게 돼?,4
마그랑비 효과에 대해 설명해줄래?,4
마그랑비 효과에 대해 설명해줘.,4
이부브롬에는 어떤 효과가 있을지 알려줘,4
이부브롬 효과에 대해 알려줘.,4
이부브롬 어떨 때 먹는거야?,4
비디엠 어떨 때 복용 하는거야?,4
비디엠 어떨 때 복용해도 되는거야?,4
비디엠 어떨 때 복용하는건지 알고 싶어.,4
엘라오일 어디가 아플 때 좋아?,4
엘라오일 어디가 아플 때 좋아?,4
엘라오일 어디가 아플 때 좋은지 알려줘.,4
마그알파 어디가 아플 때 복용하면 좋은지 알려줄래?,4
마그알파 어디가 아플 때 복용하면 좋을지 알려줄래?,4
마그알파 언제 먹는거야?,4
도배스 언제 보통 먹는거야?,4
도베스 보통 언제 복용하는건지 알려줘,4
도베스 언제 복용 하는 것인지 알려줘,4
마그온맥스비 언제 복용해야 하는지 알려줄래?,4
마그온맥스비 언제 복용해야 하는건지 알려줘.,4
도베스 보통 언제 복용하면 좋은지 알려줄래?,4
도베스 언제 복용 하면 좋은지 알려줘,4
마그온맥스비 언제 복용해야 좋을지지 알려줄래?,4
마그온맥스비 언제 복용해야 좋은건지 알려줘.,4
마그온맥스비 복용 효능이 뭐야?,4
씨이엔브이 복용 효능은 무엇인가요?,4
씨이엔브이 복용 효능에 대해서 알려줘.,4
씨이엔브이 복용 효능을 알려줘.,4
벨록스 복용 효능에 대해서 알려줘.,4
벨록스 복용 효능이 궁금해.,4
벨록스 복용 효능에 대해서 설명해줄래?,4
마이티신 효능에 대해서 설명해줘.,4
씨이엔브이 복용 효과은 무엇인가요?,4
씨이엔브이 복용 효과에 대해서 알려줘.,4
씨이엔브이 복용 효과을 알려줘.,4
벨록스 복용 효과에 대해서 알려줘.,4
벨록스 복용 효과이 궁금해.,4
벨록스 복용 효과에 대해서 설명해줄래?,4
마이티신 효과에 대해서 설명해줘.,4
마이티신 언제 복용하는거야?,4
마이티신 어떨 때 복용하는 것인지 알려줘,4
비자니 언제 복용하는지 알려줘.,4
비자니 어디가 아플 때 복용하는 것인지 알려줘.,4
이부프로펜 어디가 아플 때 복용해야하는지 알려줘,4
알진텍 복용 효과는 뭔지 알려줘,4
알진텍 복용 효과에 대해 알고 싶어.,4
알진텍 복용 효과에 대해서 알려줘,4
알진텍 복용 효과에 대해 알려줘.,4
알진텍 복용 효과를 알려줘.,4
알진텍 복용 효과가 어떻게 돼? ,4
알진텍 복용 효과가 어떻게 돼? ,4
알진텍 복용 효과가 어떻게 돼? ,4
알진텍 복용 효과가 어떻게 돼? ,4
알진텍 복용 효과가 어떻게 돼? ,4
벨록스 복용 효능이 어떻게 돼? ,4
벨록스 복용 효능이 어떻게 돼? ,4
벨록스 복용 효능이 어떻게 돼? ,4
마이티신 효능이 어떻게 돼?,4
씨이엔브이 복용 효과가 어떻게 돼?,4
씨이엔브이 복용 효과가 어떻게 돼?,4
씨이엔브이 복용 효과가 어떻게 돼?.,4
알파파워의 복용 효과가 어떻게 돼?,4
알파파워의 복용 효과가 어떻게 돼?,4
알파파워의 복용 효과가 어떻게 돼?,4
뉴셀디 효능이 어떻게 돼? ,4
뉴셀디 효능이 어떻게 돼? ,4
뉴셀디 효능이 어떻게 돼? ,4
뉴셀디 효능이 어떻게 돼?,4
락토폴 효능이 어떻게 돼? ,4
락토폴 효능이 어떻게 돼? ,4
락토폴 효능이 어떻게 돼? ,4
화인백 효능이 어떻게 돼? ,4
뉴셀디 효과가 어떻게 돼? ,4
뉴셀디 효과가 어떻게 돼? ,4
뉴셀디 효과가 어떻게 돼?,4
뉴셀디 효과가 어떻게 돼?,4
락토폴 효과가 어떻게 돼?,4
타이레놀의 복용법을 알려줘.,5
페낙손의 복용법에 대해 알고 싶어.,5
페낙손의 복용법이 뭐야?,5
페낙손의 복용법에 대해 설명해줘.,5
누보로젯의 복용법이 어떻게 돼?,5
누보로젯의 복용법이 궁금해.,5
누보로젯의 복용 방법에 대해서 알려줘.,5
오뉴렉의 복용 방법에 대해 알고 싶어.,5
오뉴렉의 복용 방법이 뭐야?,5
오뉴렉의 복용 방법에 대해 설명해줘.,5
뉴셀디의 복용 방법이 어떻게 돼?,5
뉴셀디의 복용 방법이 궁금해. ,5
뉴셀디의 복용 법에 대해서 알려줘.,5
알프람의 복용 법에 대해 알고 싶어.,5
알프람의 복용 법이 뭐야?,5
알프람의 복용 법에 대해 설명해줘.,5
콘디에스의 복용 법이 어떻게 돼?,5
콘디에스의 복용 법이 궁금해.,5
콘디에스을 어떻게 먹는 건지 알려줘.,5
콘디에스을 어떻게 먹는지에 대해 알고 싶어.,5
포펜을 어떻게 먹는거야?,5
포펜을 어떻게 먹는건지 설명해줘.,5
포펜을 어떻게 먹는건지 궁금해.,5
아나파치을 어떻게 먹어야 하는지 알려줘.,5
아나파치을 먹는 방법에 대해서 알려줘.,5
아나파치을 먹는 방법에 대해 알고 싶어.,5
톨비스를 먹는 방법이 뭐야?,5
톨비스의 먹는 방법에 대해 설명해줘.,5
톨비스을 먹는 방법이 어떻게 돼?,5
입랜스을 먹는 방법이 궁금해.,5
입랜스을 몇 알 먹어야 하는지 알려줘.,5
입랜스를 몇 알 먹는건지에 대해 알고 싶어.,5
크레넷을 몇 알 먹어야 해?,5
크레넷을 몇 알 먹어야 하는지 설명해줘.,5
크레넷을 몇 알 먹는것인지 궁금해.,5
테네글로 복용법을 알려줘.,5
테네글로 복용법에 대해 알고 싶어.,5
테네글로 복용법이 뭐야?,5
메이놀 복용법에 대해 설명해줘.,5
메이놀 복용법이 어떻게 돼?,5
메이놀 복용법이 궁금해.,5
원펜 복용 방법에 대해서 알려줘.,5
원펜 복용 방법에 대해 알고 싶어.,5
원펜 복용 방법이 뭐야?,5
벨라비엠 복용 방법에 대해 설명해줘.,5
벨라비엠 복용 방법이 어떻게 돼?,5
벨라비엠 복용 방법이 궁금해. ,5
코발맥 복용 법에 대해서 알려줘.,5
코발맥 복용 법에 대해 알고 싶어.,5
코발맥 복용 법이 뭐야?,5
지베즈 복용 법에 대해 설명해줘.,5
지베즈 복용 법이 어떻게 돼?,5
지베즈 복용 법이 궁금해.,5
아탄트 어떻게 먹는 건지 알려줘.,5
아탄트 어떻게 먹는지에 대해 알고 싶어.,5
아탄트 어떻게 먹는거야?,5
트로멜 어떻게 먹는건지 설명해줘.,5
트로멜 어떻게 먹는건지 궁금해.,5
트로멜 어떻게 먹어야 하는지 알려줘.,5
자렐리반 먹는 방법에 대해서 알려줘.,5
자릴레반 먹는 방법에 대해 알고 싶어.,5
자렐리반 먹는 방법이 뭐야?,5
플랜에이 먹는 방법에 대해 설명해줘.,5
플랜에이 먹는 방법이 어떻게 돼?,5
플렌에이 먹는 방법이 궁금해.,5
야미즈 몇 알 먹어야 하는지 알려줘.,5
야미즈 몇 알 먹는건지에 대해 알고 싶어.,5
에스리시 몇 알 먹어야 해?,5
에스리시 몇 알 먹어야 하는지 설명해줘.,5
타이레놀 몇 알 먹어야 하는지 설명해줘.,5
이모이 몇 알 먹는것인지 궁금해.,5
타이레놀 몇 알 먹는것인지 궁금해.,5
테네글로 사용방법 알려줘.,5
테네글로 사용방법에 대해 알고 싶어.,5
테네글로 사용방법이 뭐야?,5
메이놀 사용방법에 대해 설명해줘.,5
메이놀 사용방법이 어떻게 돼?,5
메이놀 사용방법이 궁금해.,5
원펜 사용 방법에 대해서 알려줘.,5
원펜 사용 방법에 대해 알고 싶어.,5
원펜 사용 방법이 뭐야?,5
벨라비엠 사용 방법에 대해 설명해줘.,5
벨라비엠 사용 방법이 어떻게 돼?,5
벨라비엠 복용 방법이 궁금해. ,5
코발맥 복용 법에 대해서 알려줘.,5
코발맥 복용 법에 대해 알고 싶어.,5
코발맥 복용 법이 뭐야?,5
지베즈 복용 법에 대해 설명해줘.,5
지베즈 복용 법이 어떻게 돼?,5
지베즈 복용 법이 궁금해.,5
아탄트 어떻게 먹는 건지 알려줘.,5
아탄트 어떻게 먹는지에 대해 알고 싶어.,5
아탄트 어떻게 먹는거야?,5
트로멜 어떻게 먹는건지 설명해줘.,5
트로멜 어떻게 먹는건지 궁금해.,5
트로멜 어떻게 먹어야 하는지 알려줘.,5
아탄트 어떻게 복용하는 건지 알려줘.,5
아탄트 어떻게 복용하는지 대해 알고 싶어.,5
아탄트 어떻게 복용하는거야?,5
트로멜 어떻게 복용해야 하는지 설명해줘.,5
트로멜 어떻게 복용해야 하는지 궁금해.,5
트로멜 어떻게 복용해야야 하는지 알려줘.,5
아탄트 어떻게 사용하는 건지 알려줘.,5
아탄트 어떻게 사용하는지 대해 알고 싶어.,5
아탄트 어떻게 사용하는거야?,5
트로멜 어떻게 사용해야 하는지 설명해줘.,5
트로멜 어떻게 사용해야 하는지 궁금해.,5
트로멜 어떻게 사용해야야 하는지 알려줘.,5
트로멜 얼만큼 복용해야 하는지 설명해줘.,5
트로멜 얼만큼 복용해야 하는지 궁금해.,5
트로멜 얼만큼 복용해야야 하는지 알려줘.,5
아탄트 얼만큼 사용하는 건지 알려줘.,5
아탄트 얼만큼 사용하는지 대해 알고 싶어.,5
아탄트 얼만큼 사용하는거야?,5
트로멜 얼만큼 사용해야 하는지 설명해줘.,5
트로멜 얼만큼 사용해야 하는지 궁금해.,5
트로멜 어떻게 사용해야야 하는지 알려줘.,5
테네글로의사용방법 알려줘.,5
테네글로의 사용방법에 대해 알고 싶어.,5
테네글로의 사용방법이 뭐야?,5
메이놀의 사용방법에 대해 설명해줘.,5
메이놀의 사용방법이 어떻게 돼?,5
메이놀의 사용방법이 궁금해.,5
원펜의 사용 방법에 대해서 알려줘.,5
원펜의 사용 방법에 대해 알고 싶어.,5
원펜의 사용 방법이 뭐야?,5
벨라비엠의 사용 방법에 대해 설명해줘.,5
벨라비엠의 사용 방법이 어떻게 돼?,5
벨라비엠의 복용 방법이 궁금해. ,5
코발맥의 복용 법에 대해서 알려줘.,5
코발맥의 복용 법에 대해 알고 싶어.,5
코발맥의 복용 법이 뭐야?,5
지베즈의 복용 법에 대해 설명해줘.,5
지베즈의 복용 법이 어떻게 돼?,5
지베즈의 복용 법이 궁금해.,5
아탄트를 어떻게 복용하는거야?,5
페낙손의 복용법에 대해 알려줘.,5
페낙손의 복용법이 뭐야?,5
페낙손의 복용법에 대해 알려줘.,5
누보로젯의 복용법이 어떻게 돼?,5
누보로젯의 복용법이 궁금해.,5
누보로젯의 복용 방법에 대해서 알려줘.,5
오뉴렉의 복용 방법에 대해 알려줘.,5
오뉴렉의 복용 방법을 알려줘?,5
오뉴렉의 복용 방법에 대해 알려줘.,5
뉴셀디의 복용 방법을 알려줘?,5
뉴셀디의 복용 법에 대해서 알려줘.,5
알프람의 복용 법에 대해 알려줘.,5
알프람의 복용 법이 뭐야?,5
알프람의 복용 법에 대해 설명해줘.,5
콘디에스의 복용 법이 어떻게 돼?,5
콘디에스의 복용 법이 궁금해.,5
콘디에스을 어떻게 먹는 건지 알려줘.,5
콘디에스을 어떻게 먹는지에 대해 알고 싶어.,5
포펜을 어떻게 먹는거야?,5
포펜을 어떻게 먹는건지 설명해줘.,5
포펜을 어떻게 먹는건지 궁금해.,5
아나파치을 어떻게 먹어야 하는지 알려줘.,5
아나파치을 먹는 방법에 대해서 알려줘.,5
아나파치을 먹는 방법에 대해 알고 싶어.,5
톨비스를 먹는 방법이 뭐야?,5
톨비스의 먹는 방법에 대해 설명해줘.,5
톨비스을 먹는 방법이 어떻게 돼?,5
입랜스을 먹는 방법이 궁금해.,5
입랜스을 몇 알 먹어야 하는지 알려줘.,5
입랜스를 몇 알 먹는건지에 대해 알고 싶어.,5
크레넷을 몇 알 먹어야 해?,5
크레넷을 몇 알 먹어야 하는지 설명해줘.,5
크레넷을 몇 알 먹는것인지 궁금해.,5
테네글로 복용법을 알려줘.,5
테네글로 복용법에 대해 알고 싶어.,5
테네글로 복용법이 뭐야?,5
메이놀 복용법에 대해 설명해줘.,5
메이놀 복용법이 어떻게 돼?,5
메이놀 복용법이 궁금해.,5
원펜 복용 방법에 대해서 알려줘.,5
원펜 복용 방법에 대해 알려줘.,5
원펜 복용 방법이 뭐야?,5
벨라비엠 복용 방법에 대해 설명해줘.,5
벨라비엠 복용 방법이 어떻게 되는지 알려줘,5
벨라비엠 복용 방법이 궁금해. ,5
코발맥 복용 법에 대해서 알려줘.,5
코발맥 복용 법에 대해 알려줘.,5
코발맥 복용 법이 뭐야?,5
지베즈 복용 법에 대해 설명해줘.,5
지베즈 복용 법이 어떻게 되는지 알려줘.,5
지베즈 복용 법이 궁금해.,5
아탄트 어떻게 먹는 건지 알려줘.,5
아탄트 어떻게 먹는지에 대해 알고 싶어.,5
아탄트 어떻게 먹는거야?,5
트로멜 어떻게 먹는건지 알려줘.,5
트로멜 어떻게 먹는건지 궁금해.,5
트로멜 어떻게 먹어야 하는지 알려줘.,5
자렐리반 먹는 방법에 대해서 알려줘.,5
자릴레반 먹는 방법에 대해 알고 싶어.,5
자렐리반 먹는 방법이 뭐야?,5
플랜에이 먹는 방법에 대해 설명해줘.,5
플랜에이 먹는 방법이 어떻게 돼?,5
플렌에이 먹는 방법이 궁금해.,5
야미즈 몇 알 먹어야 하는지 알려줘.,5
야미즈 몇 알 먹는건지에 대해 알고 싶어.,5
에스리시 몇 알 먹어야 해?,5
에스리시 몇 알 먹어야 하는지 설명해줘.,5
타이레놀 몇 알 먹어야 하는지 설명해줘.,5
이모이 몇 알 먹는것인지 궁금해.,5
타이레놀 몇 알 먹는것인지 궁금해.,5
테네글로 사용방법 알려줘.,5
테네글로 사용방법에 대해 알고 싶어.,5
테네글로 사용방법이 뭐야?,5
메이놀 사용방법에 대해 설명해줘.,5
메이놀 사용방법이 어떻게 돼?,5
메이놀 사용방법이 궁금해.,5
원펜 사용 방법에 대해서 알려줘.,5
원펜 사용 방법에 대해 알고 싶어.,5
원펜 사용 방법이 뭐야?,5
벨라비엠 사용 방법에 대해 설명해줘.,5
벨라비엠 사용 방법이 어떻게 돼?,5
벨라비엠 복용 방법이 궁금해. ,5
코발맥 복용 법에 대해서 알려줘.,5
코발맥 복용 법에 대해 알고 싶어.,5
코발맥 복용 법이 뭐야?,5
지베즈 복용 법에 대해 설명해줘.,5
지베즈 복용 법이 어떻게 돼?,5
지베즈 복용 법이 궁금해.,5
아탄트 어떻게 먹는 건지 알려줘.,5
아탄트 어떻게 먹는지에 대해 알고 싶어.,5
아탄트 어떻게 먹는거야?,5
트로멜 어떻게 먹는건지 설명해줘.,5
트로멜 어떻게 먹는건지 궁금해.,5
트로멜 어떻게 먹어야 하는지 알려줘.,5
아탄트 어떻게 복용하는 건지 알려줘.,5
아탄트 어떻게 복용하는지 대해 알고 싶어.,5
아탄트 어떻게 복용하는거야?,5
트로멜 어떻게 복용해야 하는지 설명해줘.,5
트로멜 어떻게 복용해야 하는지 궁금해.,5
트로멜 어떻게 복용해야야 하는지 알려줘.,5
아탄트 어떻게 사용하는 건지 알려줘.,5
아탄트 어떻게 사용하는지 대해 알고 싶어.,5
트로멜 어떻게 복용하는거야,5
트로멜 어떻게 복용하는거야.,5
트로멜 어떻게 복용하는거야.,5
아탄트 어떻게 사용하는거야,5
아탄트 어떻게 사용하는거야,5
아탄트 어떻게 사용하는거야?,5
테네글로의사용방법 알려줘.,5
테네글로의 사용방법에 대해 알고 싶어.,5
테네글로의 사용방법이 뭐야?,5
메이놀의 사용방법에 대해 설명해줘.,5
메이놀의 사용방법이 어떻게 돼?,5
메이놀의 사용방법이 궁금해.,5
원펜의 사용 방법에 대해서 알려줘.,5
원펜의 사용 방법에 대해 알고 싶어.,5
원펜의 사용 방법이 뭐야?,5
벨라비엠의 사용 방법에 대해 설명해줘.,5
벨라비엠의 사용 방법이 어떻게 돼?,5
벨라비엠의 복용 방법이 궁금해. ,5
코발맥의 복용 법에 대해서 알려줘.,5
코발맥의 복용 법에 대해 알고 싶어.,5
코발맥의 복용 법이 뭐야?,5
지베즈의 복용 법에 대해 설명해줘.,5
지베즈의 복용 법이 어떻게 돼?,5
지베즈의 복용 법이 궁금해.,5
아탄트 얼만큼 먹는 건지 알려줘.,5
아탄트 얼만큼 먹는지에 대해 알고 싶어.,5
아탄트 얼만큼 먹는거야?,5
트로멜 얼만큼 먹는건지 설명해줘.,5
트로멜 얼만큼 먹는건지 궁금해.,5
트로멜 얼만큼 먹어야 하는지 알려줘.,5
아탄트 얼마만큼 먹는 건지 알려줘.,5
아탄트 얼마만큼 먹는지에 대해 알고 싶어.,5
아탄트 얼마만큼 먹는거야?,5
트로멜 얼마만큼 먹는건지 설명해줘.,5
트로멜 얼마만큼 먹는건지 궁금해.,5
트로멜 얼마만큼 먹어야 하는지 알려줘.,5
트로멜 얼마만큼 먹는거야?,5
트로멜 얼마만큼 먹는거야.,5
트로멜 얼마만큼 먹는거야.,5