text,label
카이로정 먹을 때 주의해야 할 거 있어?,0
카이로를 먹을 때 주의해야 할 거 있어?,0
카이로 복용할 때 무엇을 주의해야 해?,0
카이로정 복용할 때 무엇을 주의해야 해?,0
카이로정 복용할 때 뭐를 주의해야 해?,0
카이로 복용할 때 뭐를 주의해야 해?,0
카이로정 먹으려 할 때 무엇을 조심해야 해?,0
카이로 먹으려 할 때 무엇을 조심해야 해?,0
카이로 주의해야 할 점은?,0
트윈스타 조심해야 하는 것은 무엇입니까?,0
트윈스타 주의해야 하는 게 뭐야?,0
트윈스타 주의 해야 할 점이 뭘까요?,0
트윈스타 주의해야 할 것이 무엇일까요?,0
트윈스타 조심?,0
트윈스타 주의?,0
트윈스타 주의점 알려줘,0
트윈스타 주의해야 할 점 알려줄래?,0
트윈스타 주의점 알려줄래?,0
트윈스타 조심해야 할 것 알려줘,0
트윈스타 조심해야 할 점이 뭘까요?,0
아모잘탄 먹으려 할 때 주의해야 할 점 있어?,0
아모잘탄 먹을 때 조심해야 할 점 있어?,0
아모잘탄 먹을 건데 위험한 점 있어?,0
아모잘탄 복용하려 할 때 주의사항이 뭔지 알려줄래?,0
아모잘탄 복용하고 싶은데 주의사항이 뭐야?,0
아모잘탄 복용하고 싶은데 주의사항이 알고 싶어,0
아모잘탄 먹고 싶은데 위험한 점 있을까?,0
아모잘탄 복용하고 싶은데 위험한 점이 있을까?,0
엑스포지의 위험한 점은?,0
엑스포지의 주의사항은?,0
엑스포지의 주의 해야 할 점은?,0
엑스포지정 주의 사항을 좀 알려줄래요?,0
엑스포지정 위험한 점 있어?,0
엑스포지정 위험 사항 있나요?,0
엑스포지정 고려사항 있어?,0
엑스포지정 고려해야 할 것은?,0
엑스포지정 고려해야 할 점 알려줄래?,0
엑스포지 먹을 때 조심해야 할꺼 있을까?,0
엑스포지의 주의사항은 뭘까?,0
로이키 주의점이 무엇이 있나요?,0
로이키 먹을 건데 알려줄 사항 있어?,0
로이키 먹으려 하는데 무엇을 조심해야 할까?,0
로이키 복용 시 주의사항 알려주세요,0
로이키 복용 시 주의해야 할 점을 알려줄래요?,0
로이키 복용 시에 주의할 점이 있을까요?,0
카이로 복용 할 시 조심할 점 좀 알려줄래?,0
카이로 복용할 시 주의점 알려줘,0
카이로 복용할 때 주의할 점 알려주라고!,0
카이로 주의사항 알려주라니까?,0
카이로 주의점 몰라?,0
카이로 주의 사항 모르냐고,0
성인이 타이레놀을 복용해도 되나요?,0
아이가 타이레놀을 복용하여도 괜찮나?,0
타이레놀 복용해도 괜찮으려나?,0
타이레놀 복용해도 괜찮을까요?,0
그날엔 먹을 때 조심해야 할꺼 있을까?,0
그날엔의 주의사항은 뭘까?,0
그날엔 주의점이 무엇이 있나요?,0
그날엔 먹을 건데 알려줄 사항 있어?,0
그날엔 먹으려 하는데 무엇을 조심해야 할까?,0
그날엔 복용 시 주의사항 알려주세요,0
그날엔 복용 시 주의해야 할 점을 알려줄래요?,0
그날엔 복용 시에 주의할 점이 있을까요?,0
그날엔 복용 할 시 조심할 점 좀 알려줄래?,0
그날엔 복용할 시 주의점 알려줘,0
그날엔 복용할 때 주의할 점 알려주라고!,0
그날엔 주의사항 알려주라니까?,0
그날엔 주의점 몰라?,0
그날엔 주의 사항 모르냐고,0
포스펜정 주의 사항을 좀 알려줄래요?,0
포스펜정 위험한 점 있어?,0
포스펜정 위험 사항 있나요?,0
포스펜정 고려사항 있어?,0
포스펜정 고려해야 할 것은?,0
포스펜정 고려해야 할 점 알려줄래?,0
잔타놀정 먹을 때 주의해야 할 거 있어?,0
잔타놀를 먹을 때 주의해야 할 거 있어?,0
잔타놀 복용할 때 무엇을 주의해야 해?,0
잔타놀정 복용할 때 무엇을 주의해야 해?,0
잔타놀정 복용할 때 뭐를 주의해야 해?,0
잔타놀 복용할 때 뭐를 주의해야 해?,0
잔타놀정 먹으려 할 때 무엇을 조심해야 해?,0
잔타놀 먹으려 할 때 무엇을 조심해야 해?,0
잔타놀 주의해야 할 점은?,0
잔타놀정 조심해야 하는 것은 무엇입니까?,0
잔타놀정 주의해야 하는 게 뭐야?,0
잔타놀정 주의 해야 할 점이 뭘까요?,0
잔타놀정 주의해야 할 것이 무엇일까요?,0
잔타놀정 조심?,0
호리케 주의?,0
호리케 주의점 알려줘,0
호리케 주의해야 할 점 알려줄래?,0
호리케 주의점 알려줄래?,0
호리케 조심해야 할 것 알려줘,0
호리케 조심해야 할 점이 뭘까요?,0
노바스크 먹으려 할 때 주의해야 할 점 있어?,0
노바스크 먹을 때 조심해야 할 점 있어?,0
노바스크 먹을 건데 위험한 점 있어?,0
노바스크 복용하려 할 때 주의사항이 뭔지 알려줄래?,0
노바스크 복용하고 싶은데 주의사항이 뭐야?,0
노바스크 복용하고 싶은데 주의사항이 알고 싶어,0
노바스크 먹고 싶은데 위험한 점 있을까?,0
노바스크 복용하고 싶은데 위험한 점이 있을까?,0
잔타놀의 위험한 점은?,0
잔타놀의 주의사항은?,0
잔타놀의 주의 해야 할 점은?,0
탑큐텐 먹을 때 주의해야 할 거 있어?,0
탑큐텐를 먹을 때 주의해야 할 거 있어?,0
탑큐텐 복용할 때 무엇을 주의해야 해?,0
탑큐텐 복용할 때 무엇을 주의해야 해?,0
탑큐텐 복용할 때 뭐를 주의해야 해?,0
탑큐텐 복용할 때 뭐를 주의해야 해?,0
탑큐텐 먹으려 할 때 무엇을 조심해야 해?,0
탑큐텐 먹으려 할 때 무엇을 조심해야 해?,0
탑큐텐 주의해야 할 점은?,0
탑큐텐 조심해야 하는 것은 무엇입니까?,0
탑큐텐 주의해야 하는 게 뭐야?,0
탑큐텐 주의 해야 할 점이 뭘까요?,0
탑큐텐 주의해야 할 것이 무엇일까요?,0
세비카 조심?,0
세비카 주의?,0
세비카 주의점 알려줘,0
세비카 주의해야 할 점 알려줄래?,0
세비카 주의점 알려줄래?,0
카이세비 조심해야 할 것 알려줘,0
카이세비 조심해야 할 점이 뭘까요?,0
카이세비 먹으려 할 때 주의해야 할 점 있어?,0
카이세비 먹을 때 조심해야 할 점 있어?,0
카이세비 먹을 건데 위험한 점 있어?,0
카이세비 복용하려 할 때 주의사항이 뭔지 알려줄래?,0
세비카 복용하고 싶은데 주의사항이 뭐야?,0
탑큐텐 복용하고 싶은데 주의사항이 알고 싶어,0
카나브 먹고 싶은데 위험한 점 있을까?,0
카나브 복용하고 싶은데 위험한 점이 있을까?,0
카나브의 위험한 점은?,0
카나브의 주의사항은?,0
카나브의 주의 해야 할 점은?,0
리브스 주의 사항을 좀 알려줄래요?,0
리브스 위험한 점 있어?,0
리브스 위험 사항 있나요?,0
리브스 고려사항 있어?,0
리브스 고려해야 할 것은?,0
호리스브 고려해야 할 점 알려줄래?,0
호리스브 먹을 때 조심해야 할꺼 있을까?,0
호리스브의 주의사항은 뭘까?,0
호리스브 주의점이 무엇이 있나요?,0
호리스브 먹을 건데 알려줄 사항 있어?,0
호리스브 먹으려 하는데 무엇을 조심해야 할까?,0
호리스브 복용 시 주의사항 알려주세요,0
안젤리나 복용 시 주의해야 할 점을 알려줄래요?,0
안젤리나 복용 시에 주의할 점이 있을까요?,0
안젤리나 복용 할 시 조심할 점 좀 알려줄래?,0
안젤리나 복용할 시 주의점 알려줘,0
안젤리나 복용할 때 주의할 점 알려주라고!,0
안젤리나 주의사항 알려주라니까?,0
안젤리나 주의점 몰라?,0
탑큐텐 주의 사항 모르냐고,0
바이타믹스 먹을 때 주의해야 할 거 있어?,0
바이타믹스을 먹을 때 주의해야 할 거 있어?,0
바이타믹스 복용할 때 무엇을 주의해야 해?,0
바이타믹스 복용할 때 무엇을 주의해야 해?,0
바이타믹스 복용할 때 뭐를 주의해야 해?,0
바이타믹스 복용할 때 뭐를 주의해야 해?,0
바이타믹스 먹으려 할 때 무엇을 조심해야 해?,0
바이타믹스 먹으려 할 때 무엇을 조심해야 해?,0
바이타믹스 주의해야 할 점은?,0
노스페 조심해야 하는 것은 무엇입니까?,0
노스페 주의해야 하는 게 뭐야?,0
노스페 주의 해야 할 점이 뭘까요?,0
노스페 주의해야 할 것이 무엇일까요?,0
노스페 조심?,0
노스페 주의?,0
노스페 주의점 알려줘,0
노스페 주의해야 할 점 알려줄래?,0
바이타믹스 주의점 알려줄래?,0
바이타믹스 조심해야 할 것 알려줘,0
바이타믹스 조심해야 할 점이 뭘까요?,0
바이타믹스 먹으려 할 때 주의해야 할 점 있어?,0
바이타믹스 먹을 때 조심해야 할 점 있어?,0
바이타믹스 먹을 건데 위험한 점 있어?,0
바이타믹스 복용하려 할 때 주의사항이 뭔지 알려줄래?,0
바이타믹스 복용하고 싶은데 주의사항이 뭐야?,0
바이타믹스 복용하고 싶은데 주의사항이 알고 싶어,0
바이타믹스 먹고 싶은데 위험한 점 있을까?,0
바이타믹스 복용하고 싶은데 위험한 점이 있을까?,0
캘빈클의 위험한 점은?,0
캘빈클의 주의사항은?,0
캘빈클의 주의 해야 할 점은?,0
캘빈클 주의 사항을 좀 알려줄래요?,0
캘빈클 위험한 점 있어?,0
캘빈클 위험 사항 있나요?,0
캘빈클 고려사항 있어?,0
캘빈클 고려해야 할 것은?,0
캘빈클 고려해야 할 점 알려줄래?,0
캘빈클 먹을 때 조심해야 할꺼 있을까?,0
니바스의 주의사항은 뭘까?,0
니바스 주의점이 무엇이 있나요?,0
니바스 먹을 건데 알려줄 사항 있어?,0
니바스 먹으려 하는데 무엇을 조심해야 할까?,0
니바스 복용 시 주의사항 알려주세요,0
니바스 복용 시 주의해야 할 점을 알려줄래요?,0
니바스 복용 시에 주의할 점이 있을까요?,0
니바스 복용 할 시 조심할 점 좀 알려줄래?,0
바이타믹스 복용할 시 주의점 알려줘,0
바이타믹스 복용할 때 주의할 점 알려주라고!,0
바이타믹스 주의사항 알려주라니까?,0
바이타믹스 주의점 몰라?,0
바이타믹스 주의 사항 모르냐고,0
핫세마 얼마나 복용해야 하나요?,5
마그온맥 주의 사항이 뭐야?,0
마그온맥 주의해야 할 사항이 뭐야?,0
마그온맥 뭐를 주의해야 할까?,0
마그온맥 먹을 때 주의해야 할 것이 있을까?,0
씨이엔 주의하면 좋을 점은 뭐야?,0
씨이엔 어떤 것을 주의해야해?,0
씨이엔 먹을 때 뭐를 고려해야헤?,0
벨록 먹을 때 주의사항이 있어?,0
씨이엔 복용할 때 뭐를 고려해야헤?,0
벨록 복용할 때 주의사항이 있어?,0
벨록 복용 시 주의사항,0
벨록 복용할 때 주의 사항이 뭐야?,0
마이티 복용할 때 고려해야 할 점이 뭐야?,0
마이티 복용 시 주의사항은?,0
마이티 복용할 때 주의해야 할 것이 뭐야?,0
벨록스 먹을 시 주의사항,0
벨록스 먹을 때 주의 사항이 뭐야?,0
마이 먹을 때 고려해야 할 점이 뭐야?,0
마이 먹을 시 주의사항은?,0
마이 먹을 때 주의해야 할 것이 뭐야?,0
비자니 주의할 점이 있을 까?,0
비자니 먹을 때 주의해야 할 점이 있어?,0
이부프로펜 먹기 전에 주의해야 할 점이 있을까?,0
비자니 복용할 때 주의해야 할 점이 있어?,0
이부프로펜 복용 전에 주의해야 할 점이 있을까?,0
이부프로펜 먹기 전에 주의할 점이 있을까?,0
비자니 복용할 때 주의할 점이 있어?,0
이부프로펜 복용 전에 주의할 점이 있을까?,0
알진 복용하기 전에 알아야 할 점이 있을까?,0
알진 복용할 때 미리 알아야 할 것이 있을까?,0
알진 복용할 때 고려해야 할 점이 있을끼?,0
알진 복용할 때 고려할 점이 있을끼?,0
알진 복용할 때 어떤 점을 주의해야 할까?,0
알진 복용 시 무엇을 주의해야 하지?,0
알진 먹기 전에 알아야 할 점이 있을까?,0
알진 먹을 때 미리 알아야 할 것이 있을까?,0
알진 먹을 때 고려해야 할 점이 있을끼?,0
알진 먹을 때 어떤 점을 주의해야 할까?,0
알진 먹을 시 무엇을 주의해야 하지?,0
비자니정 복용할 때 뭐를 주의해야해?,0
비자니정 먹을 때 뭐를 주의해야해?,0
앱시토정의 주의할 점이 있어?,0
앱시토의 주의사항은?,0
에어페낙듀 먹을 때 뭐를 주의해야 할까?,0
에어페낙듀오가 가진 주의사항이 뭐야?,0
에어페오의 주의해야 하는 점이 있어?,0
아세리손 주의해야 하는게 뭐야?,0
조인엔콘드 먹을 때 고려해야 할 점이 뭐야?,0
텔미로젯이 갖고 있는 주의 사항이 있어?,0
마그 주의 사항이 어떻게돼?,0
마그 주의해야 할 사항이 어떻게돼?,0
마그 뭐를 주의해야 할까?,0
마그 먹을 때 주의해야 할 것이 있을까?,0
씨이엔브이 주의하면 좋을 점은 어떻게돼?,0
씨이엔브이 어떤 것을 주의해야해?,0
씨이엔브이 먹을 때 뭐를 고려해야헤?,0
벨록스 먹을 때 주의사항이 어떻게돼?,0
벨록스 복용 시 주의사항이 어떻게돼?,0
벨록스 복용할 때 주의 사항이 어떻게돼?,0
마이티신 복용할 때 고려해야 할 점이 어떻게돼?,0
마이티신 복용 시 주의사항은 어떻게돼?,0
마이티신 복용할 때 주의해야 할 것이 어떻게돼?,0
비자니 주의할 점이 어떻게돼?,0
비자니 먹을 때 주의해야 할 점이 어떻게돼?,0
이부프로펜 먹기 전에 주의해야 할 점이 어떻게돼?,0
진텍 복용하기 전에 알아야 할 점이 어떻게돼?,0
진텍 복용할 때 미리 알아야 할 것이 어떻게돼?,0
진텍 복용할 때 고려해야 할 점이 어떻게돼?,0
진텍 복용할 때 어떤 점을 주의해야 할까?,0
진텍 복용 시 무엇을 주의해야 하지?,0
진텍 먹기 전에 알아야 할 점이 어떻게돼?,0
진텍 먹을 때 미리 알아야 할 것이 어떻게돼?,0
진텍 먹을 때 고려해야 할 점이 어떻게돼?,0
진텍 먹을 때 어떤 점을 주의해야 할까?,0
진텍 먹을 시 무엇을 주의해야 하지?,0
비자니정 먹을 때 뭐를 주의해야해?,0
앱시토정의 주의할 점이 어떻게돼?,0
앱시토의 주의사항은 어떻게돼?,0
에어페낙듀 먹을 때 뭐를 주의해야 할까?,0
에어페낙듀오가 가진 주의사항이 어떻게돼?,0
에어페오의 주의해야 하는 점이 어떻게돼?,0
아세리손 주의해야 하는게 어떻게돼?,0
조인엔콘드 먹을 때 고려해야 할 점이 어떻게돼?,0
텔미로젯이 갖고 있는 주의 사항이 어떻게돼?,0
에어페낙듀 복용할 때 뭐를 주의해야 할까?,0
에어페낙듀오가 가진 주의사항이 어떻게돼?,0
에어페오의 주의해야 하는 점이 어떻게돼?,0
아세리손 주의해야 하는게 어떻게돼?,0
조인엔콘드 복용할 때 고려해야 할 점이 어떻게돼?,0
텔미로젯이 갖고 있는 주의 사항이 어떻게돼?,0
마그온맥 고려 사항이 뭐야?,0
마그온맥 고려해야 할 사항이 뭐야?,0
마그온맥 뭐를 고려해야 할까?,0
마그온맥 먹을 때 고려해야 할 것이 있을까?,0
씨이엔 고려하면 좋을 점은 뭐야?,0
씨이엔 어떤 것을 고려해야해?,0
씨이엔 먹을 때 뭐를 고려해야헤?,0
벨록 먹을 때 고려사항이 있어?,0
씨이엔 복용할 때 뭐를 주의해야헤?,0
벨록 복용할 때 고려사항이 있어?,0
벨록 복용 시 고려사항,0
벨록 복용할 때 고려 사항이 뭐야?,0
마이티 복용할 때 주의해야 할 점이 뭐야?,0
마이티 복용 시 고려사항은?,0
마이티 복용할 때 고려해야 할 것이 뭐야?,0
벨록스 먹을 시 고려사항,0
벨록스 먹을 때 고려 사항이 뭐야?,0
마이 먹을 때 주의해야 할 점이 뭐야?,0
마이 먹을 시 고려사항은?,0
마이 먹을 때 고려해야 할 것이 뭐야?,0
벨록 복용 시 주의사항,0
벨록 복용할 때 주의사항이 뭐야?,0
마이티 복용할 때 주의해야 할 사항이 뭐야?,0
마이티 복용 시 주의사항은?,0
마이티 복용할 때 주의해야 할 사항이 뭐야?,0
벨록스 먹을 시 주의사항,0
벨록스 먹을 때 고려 사항이 뭐야?,0
마이 먹을 때 주의해야 할 점이 뭐야?,0
마이 먹을 시 주의사항은?,0
마이 먹을 때 고려해야 할 사항이 뭐야?,0
비자니 고려할 점이 있을 까?,0
비자니 먹을 때 고려해야 할 점이 있어?,0
이부프로펜 먹기 전에 고려해야 할 점이 있을까?,0
비자니 복용할 때 고려해야 할 점이 있어?,0
이부프로펜 복용 전에 고려해야 할 점이 있을까?,0
알진 복용하기 전에 알아야 할 점이 있을까?,0
알진 복용할 때 미리 알아야 할 것이 있을까?,0
알진 복용할 때 알아야 할 점이 있을끼?,0
알진 복용할 때 어떤 점을 알아야 할까?,0
알진 복용 시 무엇을 알아야 하지?,0
알진 먹기 전에 알아야 할 점이 있을까?,0
알진 먹을 때 미리 알아야 할 것이 있을까?,0
알진 먹을 때 알아야 할 점이 있을끼?,0
알진 먹을 때 어떤 점을 알아야 할까?,0
알진 먹을 시 무엇을 알아야 하지?,0
비자니 고려할 사항이 있을 까?,0
비자니 먹을 때 고려해야 할 사항이 있어?,0
이부프로펜 먹기 전에 고려해야 할 사항이 있을까?,0
비자니 복용할 때 고려해야 할 사항이 있어?,0
이부프로펜 복용 전에 고려해야 할 사항이 있을까?,0
알진 복용하기 전에 알아야 할 사항이 있을까?,0
알진 복용할 때 미리 알아야 할 사항이 있을까?,0
알진 복용할 때 알아야 할 사항이 있을끼?,0
알진 복용할 때 어떤 점을 알아야 할까?,0
알진 복용 시 무엇을 알아야 하지?,0
알진 먹기 전에 알아야 할 사항이 있을까?,0
알진 먹을 때 미리 알아야 할 사항이 있을까?,0
알진 먹을 때 알아야 할 사항이 있을끼?,0
알진 먹을 때 어떤 점을 알아야 할까?,0
알진 먹을 시 무엇을 알아야 하지?,0
비자니정 복용할 때 뭐를 알아야해?,0
비자니정 먹을 때 뭐를 알아해야해?,0
앱시토정의 알아야할 점이 있어?,0
앱시토의 알아야 할 사항은?,0
에어페낙듀 먹을 때 뭐를 알아야 할까?,0
에어페낙듀오가 가진 알아야 할 사항이 뭐야?,0
에어페오의 알아야 하는 점이 있어?,0
아세리손 알아야 하는게 뭐야?,0
조인엔콘드 먹을 때 주의야 할 점이 뭐야?,0
텔미로젯이 갖고 있는 고려 사항이 있어?,0
마그 고려 사항이 어떻게돼?,0
마그 고려해야 할 사항이 어떻게돼?,0
마그 뭐를 고려해야 할까?,0
마그 먹을 때 고려해야 할 것이 있을까?,0
씨이엔브이 고려하면 좋을 점은 어떻게돼?,0
씨이엔브이 어떤 것을 고려해야해?,0
씨이엔브이 먹을 때 뭐를 주의해야헤?,0
벨록스 먹을 때 고려사항이 어떻게돼?,0
벨록스 복용 시 주고려사항이 어떻게돼?,0
벨록스 복용할 때 고려 사항이 어떻게돼?,0
마이티신 복용할 때 주의해야 할 점이 어떻게돼?,0
마이티신 복용 시 고려사항은 어떻게돼?,0
마이티신 복용할 때 고려해야 할 것이 어떻게돼?,0
비자니 고려할 점이 어떻게돼?,0
비자니 먹을 때 고려해야 할 점이 어떻게돼?,0
이부프로펜 먹기 전에 고려해야 할 점이 어떻게돼?,0
진텍 복용하기 전에 알아야 할 점이 어떻게돼?,0
진텍 복용할 때 미리 알아야 할 것이 어떻게돼?,0
진텍 복용할 때 알아야 할 점이 어떻게돼?,0
진텍 복용할 때 어떤 점을 알아야 할까?,0
진텍 복용 시 무엇을 고려해야 하지?,0
진텍 먹기 전에 알아야 할 점이 어떻게돼?,0
진텍 먹을 때 미리 알아야 할 것이 어떻게돼?,0
진텍 먹을 때 주의해야 할 점이 어떻게돼?,0
진텍 먹을 때 어떤 점을 고려해야 할까?,0
진텍 먹을 시 무엇을 고려해야 하지?,0
비자니정 먹을 때 뭐를 고려해야해?,0
앱시토정의 고려할 점이 어떻게돼?,0
앱시토의 고려사항은 어떻게돼?,0
에어페낙듀 먹을 때 뭐를 고려해야 할까?,0
에어페낙듀오가 가진 주의사항이 어떻게돼?,0
에어페오의 고려해야 하는 점이 어떻게돼?,0
아세리손 고려해야 하는게 어떻게돼?,0
조인엔콘드 먹을 때 고려해야 할 점이 어떻게돼?,0
텔미로젯이 갖고 있는 주의 사항이 어떻게돼?,0
에어페낙듀 복용할 때 뭐를 주의해야 할까?,0
에어페낙듀오가 가진 주의사항이 어떻게돼?,0
에어페오의 주의해야 하는 점이 어떻게돼?,0
아세리손 주의해야 하는게 어떻게돼?,0
조인엔콘드 복용할 때 고려해야 할 점이 어떻게돼?,0
텔미로젯이 갖고 있는 주의 사항이 어떻게돼?,0
홍익대학교 근처 약국 알려줘,1
홍익대학교 약국 추천해줘,1
홍익대학교 주변의 약국 알려줘,1
홍익대학교 주변 약국 추천해줘,1
홍익대 근처 약국 알려줘,1
마포구 약국 알려줘,1
홍익대 근처 약국 위치 알려줘,1
홍대 주변 약국 목록 알려줘,1
홍대 근처 약국 알려줘,1
홍대 근처 약국 추천해줘,1
홍대 거리에 있는 약국 알려줘,1
홍대입구 근처 약국 알려줘,1
홍입 9번 출구 근처 약국 알려줘,1
홍대입구역 주변 약국 알려줘,1
홍대입구역 근처 약국 추천해줘,1
홍입 9번 출구 약국 알려줘,1
상수역 근처 약국 알려줘,1
상수역 주변 약국 알려줘,1
마포구 와우산로 약국 알려줘,1
마포구 와우산로 근처 약국 알려줘,1
마포구 상수동 주변 약국 알려줘,1
마포구 상수동 근처 약국 알려줘,1
마포구 상수동 약국 추천해줘,1
상수동 약국 알려줘,1
마포구 동교동 주변 약국 알려줘,1
근처 약국 위치 알려주세요,1
근처 약국 알려주세요,1
내 주변 약국 어디있는지 알려줘,1
내 주변 약국 어디에 있어?,1
마포구 약국 알려줄래?,1
아 홍대 약국 위치 알려줄래?,1
홍대 근처 약국이 어디에 있니?,1
홍대 근처 약국이 어디 있어?,1
홍대 근처 약국 좀 알려주세요,1
홍대 약국 추천해줘,1
홍익대학교 근처 약국 알고 싶어,1
홍익대학교 약국 알고 싶어,1
홍대입구 주변 약국 알고 싶어,1
홍익대학교 주변 약국 알 수 있을까?,1
홍대 주변 약국 알 수 있을까?,1
홍익대학교 약국 추천 해주세요,1
홍익대 근처 약국 추천해주세요,1
마포구 동교동 약국 알려주라,1
마포구 동교동에 있는 약국 알려줘,1
마포구 서교동에 있는 약국 어디 있니,1
마포구 서교동 약국 어디 있니?,1
마포구 서교동 약국 알려주라,1
약국 알고 싶다,1
약 어디서 살 수 있니?,1
주변에서 약 살 수 있는 곳 알려줘,1
약국이 알고 싶다,1
약국이 어디에 있는지 알고 싶어요,1
약국 위치 알고 싶습니다,1
약국 위치 알려저,1
약국 알려줘,1
약국 추천해줘,1
약국 알려주라,1
홍익대 약국 알려줘,1
상수역 쪽 약국 알려줘,1
상수역 부근 약국 알려줄래?,1
상수역 주변 약국 알려주세요,1
상수역 약국이 알고 싶어,1
상수역이랑 가까운 약국 알고 싶어,1
상수역이랑 가까운 약국 원해,1
상수역 가까운 약국 알려줘,1
홍대입구역과 가까운 약국 알려주라,1
홍대입구역이랑 가까운 약국 알려주라,1
홍대입구역 부근 약국 알려주세요,1
홍대 약국 위치 알려주세요,1
홍대 약국 어디에 있니?,1
홍대 약국 어디쯤 있어?,1
홍익대학교 약국 어디 있어?,1
마포구 약국 추천해줘,1
홍익대학교 주변 약국은 어디에 있을까요?,1
내 주변 약국 알려줘,1
주변 약국 알려줘,1
근처 약국 알려줘,1
근처 약국 위치 알려줘,1
주변 약국 위치 알려줘,1
주변 약국 알려주라,1
주변 약국 위치 알려주라,1
주변 약국 위치 부탁드립니다,1
홍익대학교 근처 약국 위치 알려주세요,1
홍익대학교 약국 알려주세요,1
홍대 약국 알려주세요,1
홍대 약국 부탁드립니다,1
홍대입구역 근처 약국 위치 부탁드려요,1
상상마당 주변 약국 알려줘,1
나와 제일 가까운 약국 알려줘,1
나와 제일 가까운 약국 위치 알려줘,1
제일 가까운 약국 알려줘,1
제일 가까운 약국 위치 알려줘,1
제일 가까운 약국 추천해줘,1
제일 가까운 약국 알고 싶어,1
가까운 약국 추천해줘.,1
가까운 약국 알려줄래?,1
최단거리 약국 알고 싶어.,1
상수역에서 제일 가까운 약국 알려줘.,1
홍익대학교에서 가장 가까운 약국 알려줄래?,1
강릉앞바다 근처 약국 알려줘,1
강릉앞바다 약국 추천해줘,1
강릉앞바다 주변의 약국 알려줘,1
강릉앞바다 주변 약국 추천해줘,1
홍익대 근처 약국 알려줘,1
마포구 약국 알려줘,1
홍익대 근처 약국 위치 알려줘,1
속초중앙시장 약국 목록 알려줘,1
 근처 약국 알려줘,1
 근처 약국 추천해줘,1
 거리에 있는 약국 알려줘,1
속초중앙시장 근처 약국 알려줘,1
속초중앙시장 근처 약국 알려줘,1
속초중앙시장 주변 약국 알려줘,1
속초중앙시장 근처 약국 추천해줘,1
대포항 약국 알려줘,1
대포항 근처 약국 알려줘,1
대포항 주변 약국 알려줘,1
대포항 와우산로 약국 알려줘,1
강남역 와우산로 근처 약국 알려줘,1
강남역 상수동 주변 약국 알려줘,1
강남역 상수동 근처 약국 알려줘,1
강남역 상수동 약국 추천해줘,1
강남역 약국 알려줘,1
강남역 동교동 주변 약국 알려줘,1
근처 약국 위치 알려주세요,1
근처 약국 알려주세요,1
내 주변 약국 어디있는지 알려줘,1
내 주변 약국 어디에 있어?,1
마포구 약국 알려줄래?,1
아 홍대 약국 위치 알려줄래?,1
반포동 근처 약국이 어디에 있니?,1
반포동 근처 약국이 어디 있어?,1
반포동 근처 약국 좀 알려주세요,1
반포동 약국 추천해줘,1
논현 근처 약국 알고 싶어,1
논현 약국 알고 싶어,1
화랑대입구 주변 약국 알고 싶어,1
상봉역 주변 약국 알 수 있을까?,1
상봉역 주변 약국 알 수 있을까?,1
상봉역 약국 추천 해주세요,1
홍익대 근처 약국 추천해주세요,1
강남구 압구정동 약국 알려주라,1
강남구 압구정동에 있는 약국 알려줘,1
강남구 압구정동에 있는 약국 어디 있니,1
강남구 압구정동 약국 어디 있니?,1
강남구 압구정동 약국 알려주라,1
약국 알고 싶다,1
약 어디서 살 수 있니?,1
주변에서 약 살 수 있는 곳 알려줘,1
약국이 알고 싶다,1
약국이 어디에 있는지 알고 싶어요,1
약국 위치 알고 싶습니다,1
약국 위치 알려저,1
약국 알려줘,1
약국 추천해줘,1
약국 알려주라,1
서대문 약국 알려줘,1
서대문 쪽 약국 알려줘,1
서대문 부근 약국 알려줄래?,1
서대문 주변 약국 알려주세요,1
서대문 약국이 알고 싶어,1
서대문이랑 가까운 약국 알고 싶어,1
서대문이랑 가까운 약국 원해,1
서대문 가까운 약국 알려줘,1
가산디지털단지랑 가까운 약국 알려주라,1
가산디지털단지랑 가까운 약국 알려주라,1
가산디지털단지 부근 약국 알려주세요,1
수서 약국 위치 알려주세요,1
수서 약국 어디에 있니?,1
수서 약국 어디쯤 있어?,1
하남 약국 어디 있어?,1
하남 약국 추천해줘,1
하남 스타필드 주변 약국은 어디에 있을까요?,1
내 주변 약국 알려줘,1
주변 약국 알려줘,1
근처 약국 알려줘,1
근처 약국 위치 알려줘,1
주변 약국 위치 알려줘,1
주변 약국 알려주라,1
주변 약국 위치 알려주라,1
주변 약국 위치 부탁드립니다,1
고양 스타필드 근처 약국 위치 알려주세요,1
고양 스타필드 약국 알려주세요,1
홍대 약국 알려주세요,1
홍대 약국 부탁드립니다,1
홍대입구역 근처 약국 위치 부탁드려요,1
상상마당 주변 약국 알려줘,1
나와 제일 가까운 약국 알려줘,1
나와 제일 가까운 약국 위치 알려줘,1
제일 가까운 약국 알려줘,1
제일 가까운 약국 위치 알려줘,1
제일 가까운 약국 추천해줘,1
제일 가까운 약국 알고 싶어,1
가까운 약국 추천해줘.,1
가까운 약국 알려줄래?,1
최단거리 약국 알고 싶어.,1
국회의사당에서 제일 가까운 약국 알려줘.,1
국회의사당에서 가장 가까운 약국 알려줄래?,1
강남 세브란스 약 살 수 있는 곳 알려줄래?,1
강남 세브란스 어디서 약 살 수 있어?,1
강남 세브란스 근처 약 살 수 있는 곳 어디야,1
강남 세브란스 약 사고 싶어,1
강남 세브란스 약 어디서 사?,1
강남 세브란스 약 어디서 사냐고 물었다.,1
강남 세브란스 근처에서 약 사려면 어디로 가야해?,1
남산타워 약 살 수 있는 곳 알려줄래?,1
남산타워 근처 어디서 약 살 수 있어?,1
남산타워 근처 약 살 수 있는 곳 어디야,1
남산타워에서 약 사고 싶어,1
남산타워에서 약 어디서 사?,1
남산타워에서 약 어디서 사냐고 물었다.,1
남산타워 근처에서 약 사려면 어디로 가야해?,1
명동에 약 살 수 있는 곳 알려줄래?,1
명동에 어디서 약 살 수 있어?,1
명동에 근처 약 살 수 있는 곳 어디야,1
명동에 약 사고 싶어,1
명동에 약 어디서 사?,1
명동에 약 어디서 사냐고 물었다.,1
명동에 근처에서 약 사려면 어디로 가야해?,1
충무로 약 살 수 있는 곳 알려줄래?,1
충무로 어디서 약 살 수 있어?,1
충무로 근처 약 살 수 있는 곳 어디야,1
충무로 약 사고 싶어,1
충무로 약 어디서 사?,1
충무로 약 어디서 사냐고 물었다.,1
충무로 근처에서 약 사려면 어디로 가야해?,1
사당 약 살 수 있는 장소 알려줄래?,1
사당 어디서 약품 살 수 있어?,1
사당 근처 약품 살 수 있는 곳 어디야,1
사당에서 약품 사고 싶어,1
사당에서  약품 어디서 사?,1
사당에서  약품 어디서 사냐고 물었다.,1
사당 근처에서 약품 사려면 어디로 가야해?,1
김포 약품 살 수 있는 곳 알려줄래?,1
김포 어디서 약품 살 수 있어?,1
김포 근처 약품 살 수 있는 곳 어디야,1
김포에서 약품 사고 싶어,1
김포에서 약품 어디서 사?,1
김포에서 약품 어디서 사냐고 물었다.,1
김포 근처에서 약 사려면 어디로 가야해?,1
구로 디지털 단지 탁센스 살 수 있는 곳 알려줄래?,1
구로 디지털 단지 어디서 탁센스 살 수 있어?,1
구로 디지털 단지 근처 탁센스 살 수 있는 곳 어디야,1
구로 디지털 단지에서 탁센스 사고 싶어,1
구로 디지털 단지에서 탁센스 어디서 사?,1
구로 디지털 단지에서 탁센스 어디서 사냐고 물었다.,1
구로 디지털 단지 근처에서 탁센스 사려면 어디로 가야해?,1
가로수길 아타칸 살 수 있는 곳 알려줄래?,1
가로수길 어디서 아타칸 살 수 있어?,1
가로수길 근처 아타칸 살 수 있는 곳 어디야,1
가로수길에서 아타칸 사고 싶어,1
가로수길에서 아타칸어디서 사?,1
가로수길에서 아타칸 어디서 사냐고 물었다.,1
가로수길 근처에서 아타칸 사려면 어디로 가야해?,1
신세계백화점 코자 살수 있는 곳 알려줄래?,1
신세계백화점 어디서 코자 살 수 있어?,1
신세계백화점 근처 코자 살 수 있는 곳 어디야,1
신세계백화점에서 코자 사고 싶어,1
신세계백화점에서 코자 어디서 사?,1
신세계백화점에서 코자 어디서 사냐고 물었다.,1
신세계백화점 근처에서 코자 사려면 어디로 가야해?,1
삼선교 디오메 살 수 있는 곳 알려줄래?,1
삼선교 어디서 디오메 살 수 있어?,1
삼선교 근처 디오메 살 수 있는 곳 어디야,1
삼선교에서 디오메 사고 싶어,1
삼선교에서 디오메 어디서 사?,1
삼선교에서 디오메 어디서 사냐고 물었다.,1
삼선교 근처에서 디오메 사려면 어디로 가야해?,1
길음동 근처 약국 알려줘,1
파주시청 약국 추천해줘,1
여의도 주변의 약국 알려줘,1
길음동 주변 약국 추천해줘,1
파주시청 근처 약국 알려줘,1
강원도 영월 약국 알려줘,1
강원도 홍천 근처 약국 위치 알려줘,1
춘천 주변 약국 목록 알려줘,1
춘천 근처 약국 알려줘,1
춘천 근처 약국 추천해줘,1
춘천 거리에 있는 약국 알려줘,1
서울대입구 근처 약국 알려줘,1
설입 9번 출구 근처 약국 알려줘,1
성수역 주변 약국 알려줘,1
잠실역 근처 약국 추천해줘,1
군산시청 앞에 있는 약국 알려줘,1
한강공원 근처 약국 알려줘,1
망원시장 주변 약국 알려줘,1
홍은동 가장 가까운 약국 알려줘,1
홍은동 가장 가까운 약국 알려줘,1
홍은동 가장 가까운 약국 알려줘,1
연희동 제일 가까운 약국 알려줘,1
연희동 제일 가까운 약국 추천해줘,1
연희동 제일 가까운 알려줘,1
시흥 주변 약국 알려줘,1
근처 약국 위치 알려주세요,1
근처 약국 알려주세요,1
내 주변 약국 어디있는지 알려줘,1
내 주변 약국 어디에 있어?,1
성북구 약국 알려줄래?,1
아 영등포구 약국 위치 알려줄래?,1
시흥 근처 약국이 어디에 있니?,1
시흥 근처 약국이 어디 있어?,1
시흥 근처 약국 좀 알려주세요,1
시흥 약국 추천해줘,1
스타필드 근처 약국 알고 싶어,1
스타필드 약국 알고 싶어,1
스타필드 주변 약국 알고 싶어,1
스타필드 주변 약국 알 수 있을까?,1
안성 주변 약국 알 수 있을까?,1
안성 약국 추천 해주세요,1
중앙대 근처 약국 추천해주세요,1
태릉입구 동교동 약국 알려주라,1
태릉입구 동교동에 있는 약국 알려줘,1
태릉입구 서교동에 있는 약국 어디 있니,1
태릉입구 서교동 약국 어디 있니?,1
태릉입구 서교동 약국 알려주라,1
화랑대역 약국 알고 싶다,1
약 어디서 살 수 있니?,1
주변에서 약 살 수 있는 곳 알려줘,1
약국이 알고 싶다,1
약국이 어디에 있는지 알고 싶어요,1
약국 위치 알고 싶습니다,1
약국 위치 알려저,1
약국 알려줘,1
약국 추천해줘,1
약국 알려주라,1
포천 약국 알려줘,1
포천 쪽 약국 알려줘,1
포천 부근 약국 알려줄래?,1
포천 주변 약국 알려주세요,1
포천 약국이 알고 싶어,1
포천이랑 가까운 약국 알고 싶어,1
포천이랑 가까운 약국 원해,1
포천 가까운 약국 알려줘,1
가오리랑 가까운 약국 알려주라,1
가오리랑 가까운 약국 알려주라,1
가오리 부근 약국 알려주세요,1
연남 약국 위치 알려주세요,1
연남 약국 어디에 있니?,1
연남 약국 어디쯤 있어?,1
연남대학교 약국 어디 있어?,1
마포구 약국 추천해줘,1
한양대학교 주변 약국은 어디에 있을까요?,1
내 주변 약국 알려줘,1
주변 약국 알려줘,1
근처 약국 알려줘,1
근처 약국 위치 알려줘,1
주변 약국 위치 알려줘,1
주변 약국 알려주라,1
주변 약국 위치 알려주라,1
주변 약국 위치 부탁드립니다,1
롯데타워 근처 약국 위치 알려주세요,1
롯데타워 약국 알려주세요,1
충정로 약국 알려주세요,1
충정로 약국 부탁드립니다,1
충정로입구역 근처 약국 위치 부탁드려요,1
상상마당 주변 약국 알려줘,1
나와 제일 가까운 약국 알려줘,1
나와 제일 가까운 약국 위치 알려줘,1
제일 가까운 약국 알려줘,1
제일 가까운 약국 위치 알려줘,1
제일 가까운 약국 추천해줘,1
제일 가까운 약국 알고 싶어,1
가까운 약국 추천해줘.,1
가까운 약국 알려줄래?,1
최단거리 약국 알고 싶어.,1
푸켓에서 제일 가까운 약국 알려줘.,1
부산에서 가장 가까운 약국 알려줄래?,1
을지로 근처 병원 알려줘,2
을지로 내과 추천해줘,2
을지로 주변에 내과 알려줘,2
을지로 주변 내과 추천해줘,2
정릉 근처 가정의학과 알려줘,2
정릉 주변의 가정의학과 추천해줘,2
정릉 근처 치과 알려줘,2
봉은사로 주변 가정의학과 목록 알려줘,2
봉은사로 근처 병원 알려줘,2
봉은사로 근처 가정의학과 병원 추천해줘,2
봉은사로 거리에 있는 가정의학과 알려줘,2
봉은사로  근처 가정의학과 알려줘,2
홍입 9번 출구 근처 가정의학과 알려줘,2
미아사거리 주변 병원 알려줘,2
미아사거리 근처 가정의학과 추천해줘,2
홍입 9번 출구 내과 알려줘,2
여의도 근처 산부인과 알려줘,2
여의도 주변 산부인과 알려줘,2
용산구 이촌동 산부인과 알려줘,2
용산구 이촌동 근처 산부인과 알려줘,2
동작구 상도동 주변 산부인과 알려줘,2
동작구 상도동 근처 산부인과 알려줘,2
동작구 상도동 산부인과 추천해줘,2
상서역 소아청소년과 알려줘,2
지금 연 성수 소아청소년과 병원 알려줘,2
근처 병원 위치 알려주세요,2
근처 병원 알려주세요,2
내 주변 병원 어디있는지 알려줘,2
내 주변 병원 어디에 있어?,2
성북구 병원 알려줄래?,2
아 성북구 병원 위치 알려줄래?,2
군포 근처 소아청소년과 어디에 있니?,2
군포 근처 소아청소년과 어디 있어?,2
군포 근처 소아청소년과 좀 알려주세요,2
군포 소아청소년과 추천해줘,2
대구 근처 소아청소년과 병원 알고 싶어,2
대구 병원 소아청소년과 알고 싶어,2
구미 주변 소아청소년과 병원 알고 싶어,2
나주 주변 소아청소년과 병원 알 수 있을까?,2
순천 주변 감염내과 병원 알 수 있을까?,2
합정 병원 감염내과 추천 해주세요,2
월드컵 경기장 근처 병원 추천해주세요,2
강북구 삼양동 병원 알려주라,2
강북구 삼양동에 있는 병원 알려줘,2
강북구 삼양동에 있는 병원 어디 있니,2
동대문구 청량리동 병원 어디 있니?,2
동대문구 청량리동 병원 알려주라,2
병원 알고 싶다,2
병원이 알고 싶다,2
병원이 어디에 있는지 알고 싶어요,2
병원 위치 알고 싶습니다,2
병원 위치 알려저,2
병원 알려줘,2
병원 추천해줘,2
병원 알려주라,2
홍익대 병원 알려줘,2
병원,2
월드컵 경기장 쪽 응급의학과 알려줘,2
월드컵 경기장 부근 응급의학과 알려줄래?,2
월드컵 경기장 주변 응급의학과 알려주세요,2
월드컵 경기장 응급의학과 알고 싶어,2
보문역이랑 가까운 응급의학과 알고 싶어,2
보문역이랑 가까운 응급의학과 원해,2
보문역 가까운 응급의학과 알려줘,2
고척돔과 가까운 응급의학과 알려주라,2
고척돔이랑 가까운 응급의학과 알려주라,2
고척돔 부근 감염내과 병원 알려주세요,2
수원화성 감염내과 위치 알려주세요,2
수원화성 감염내과 어디에 있니?,2
수원화성 감염내과 어디쯤 있어?,2
홍익대학교 감염내과 어디 있어?,2
마포구  흉부외과 천해줘,2
의정부 주변 흉부외과 어디에 있을까요?,2
내 주변 흉부외과 알려줘,2
주변 한의원 알려줘,2
근처 한의원 알려줘,2
근처 한의원 위치 알려줘,2
주변 한의원 위치 알려줘,2
주변 한의원 알려주라,2
주변 한의원 위치 알려주라,2
주변 한의원 위치 부탁드립니다,2
동두천 근처 병원 위치 알려주세요,2
동두천 병원 알려주세요,2
연대 흉부외과 알려주세요,2
연대 흉부외과 부탁드립니다,2
연대 근처 흉부외과 위치 부탁드려요,2
상상마당 주변 병원 알려줘,2
나와 제일 가까운 병원 알려줘,2
나와 제일 가까운 병원 위치 알려줘,2
제일 가까운 흉부외과 알려줘,2
제일 가까운 병원 위치 알려줘,2
제일 가까운 병원 추천해줘,2
제일 가까운 병원 알고 싶어,2
가까운 신경정신과 추천해줘,2
가까운 신경정신과 알려줘 ,2
최단거리 신경정신과 알려줘,2
상수역에서 제일 가까운 신경정신과 알려줘,2
성균관대학교에서 가장 가까운 신경정신과 알려줘,2
근처 신경 정신과 위치 알려주세요,2
근처 신경 정신과 알려주세요,2
내 주변 신경 정신과 어디있는지 알려줘,2
내 주변 응급실 어디에 있어?,2
마포구 응급실 알려줄래?,2
아 홍대 응급실 위치 알려줄래?,2
대학로 근처 응급실이 어디에 있니?,2
대학로 근처 응급실이 어디 있어?,2
대학로 근처 응급실 좀 알려주세요,2
대학로 응급실 추천해줘,2
혜화 근처 대학병원 알고 싶어,2
혜화 대학병원 알고 싶어,2
혜화 주변 대학병원  알고 싶어,2
혜화 주변 대학병원 알 수 있을까?,2
이화동 주변 대학병원 알 수 있을까?,2
이화동 대학병원 추천 해주세요,2
이화동 근처 대학병원 추천해주세요,2
동대문구 창신동 대학병원 알려주라,2
동대문구 창신동에 있는 소아과 알려줘,2
동대문구 창신동에 있는 소아과 어디 있니,2
동대문구 창신동 소아과 어디 있니?,2
동대문구 창신동 소아과 알려주라,2
소아과 알고 싶다,2
정형외과가 어디에 있는지 알고 싶어요,2
정형외과 위치 알고 싶습니다,2
정형외과 위치 알려저,2
정형외과 알려줘,2
정형외과 추천해줘,2
정형외과 알려주라,2
홍익대 소아과 알려줘,2
내과,2
광장시장 쪽 암병원 알려줘,2
광장시장 부근  암병원 알려줄래?,2
광장시장 주변 암병원 알려주세요,2
광장시장 암병원 알고 싶어,2
목동이랑 가까운 암병원 알고 싶어,2
목동이랑 가까운 암 병원 원해,2
목동 가까운 암 병원 알려줘,2
천안과 가까운 암 병원 알려주라,2
천안이랑 가까운 암 병원 알려주라,2
천안 부근 정신건강의학과 알려주세요,2
광명시 정신건강의학과 위치 알려주세요,2
광명시 정신건강의학과 어디에 있니?,2
광명시 정신건강의학과 어디쯤 있어?,2
북서울꿈의숲 정신건강의학과 어디 있어?,2
북서울꿈의숲 정신건강의학과 추천해줘,2
북서울꿈의숲 주변 정신건강의학과는 어디에 있을까요?,2
내 주변 정신건강 의학과 알려줘,2
주변 정신건 강의학과 알려줘,2
근처 정신건 강의학과 알려줘,2
근처 정신건 강의학과 위치 알려줘,2
주변 정신건 강의학과 위치 알려줘,2
주변 정신건 강의학과 알려주라,2
주변 정신건 강의학과 위치 알려주라,2
주변 정신건 강의학과 위치 부탁드립니다,2
북서울꿈의숲 근처 신경과 위치 알려주세요,2
북서울꿈의숲 신경과 알려주세요,2
길음뉴타운 신경과 알려주세요,2
길음뉴타운 신경과 부탁드립니다,2
길음뉴타운 근처 신경과 위치 부탁드려요,2
상상마당 주변 내과 알려줘,2
나와 제일 가까운 신경과 알려줘,2
나와 제일 가까운 신경과 위치 알려줘,2
제일 가까운 심장내과 알려줘,2
제일 가까운 심장내과 위치 알려줘,2
제일 가까운 심장내과 추천해줘,2
제일 가까운 심장내과 알고 싶어,2
가까운 심장 내과 추천해줘,2
가까운 심장 내과 알려줘 ,2
최단거리 심장 내과 알려줘,2
상수역에서 제일 가까운 병리과 알려줘,2
길음동에서 가장 가까운 병리과 알려줘,2
근처 병리과 위치 알려주세요,2
근처 병리과 알려주세요,2
내 주변 병리과 어디있는지 알려줘,2
내 주변 병리과 어디에 있어?,2
금릉역 이비인후과 알려줄래?,2
아 손상역 이비인후과 위치 알려줄래?,2
삼청동 근처 영상의학과 어디에 있니?,2
삼청동 근처 영상의학과 어디 있어?,2
삼청동 근처 이비인후과 좀 알려주세요,2
삼청동 영상의학과 추천해줘,2
안국역 근처 영상의학과 알고 싶어,2
안국역 이비인후과 알고 싶어,2
국립현대미술관 주변 성형외과 알고 싶어,2
국립현대미술관 주변 성형외과 알 수 있을까?,2
국립현대미술관 주변 성형외과 알 수 있을까?,2
국립현대미술관 피부과 추천 해주세요,2
국립현대미술관 근처 피부과 추천해주세요,2
동부이촌동 피부과 알려주라,2
동부이촌동에 있는 피부과 알려줘,2
동부이촌동에 있는 피부과 어디 있니,2
동부이촌동 통증의학과 어디 있니?,2
동부이촌동 통증의학과 알려주라,2
가정의학과 알고 싶다,2
가정의학과가 알고 싶다,2
가정의학과가 어디에 있는지 알고 싶어요,2
가정의학과 위치 알고 싶습니다,2
가정의학과과 위치 알려저,2
가정의학과과 알려줘,2
가정의학과과 추천해줘,2
가정의학과과 알려주라,2
헌법재판소 한의원 알려줘,2
헌법재판소 한의원,2
헌법재판소 쪽 한의원 알려줘,2
헌법재판소 부근 한의원 알려줄래?,2
대법원 주변 한의원 알려주세요,2
대법원 이비인후과이 알고 싶어,2
대법원이랑 가까운 한방병원 알고 싶어,2
대법원이랑 가까운 한방병원 원해,2
대법원 가까운 한방병원 알려줘,2
피맛골과 가까운 한방병원 알려주라,2
피맛골이랑 가까운 한방병원 알려주라,2
피맛골 부근 한방병원 알려주세요,2
광화문 한방 병원 위치 알려주세요,2
광화문 한방 병원 어디에 있니?,2
광화문 한방 병원 어디쯤 있어?,2
종암동 한방 병원 어디 있어?,2
마포구 한방 병원 추천해줘,2
홍익대학교 주변 한방병원는 어디에 있을까요?,2
내 주변 이비인후과 알려줘,2
주변 산부인과 알려줘,2
근처 산부인과 알려줘,2
근처 산부인과 위치 알려줘,2
주변 산부인과 위치 알려줘,2
주변 산부인과 알려주라,2
주변 산부인과 위치 알려주라,2
주변 산부인과 위치 부탁드립니다,2
문래동 근처 정형외과 위치 알려주세요,2
문래동 이비인후과 알려주세요,2
양양 정형외과 알려주세요,2
양양 정형외과 부탁드립니다,2
양양 근처 이비인후과 위치 부탁드려요,2
상상마당 주변 이비인후과 알려줘,2
나와 제일 가까운 이비인후과 알려줘,2
나와 제일 가까운 이비인후과 위치 알려줘,2
제일 가까운 비뇨기과 알려줘,2
제일 가까운 비뇨기과 위치 알려줘,2
제일 가까운 비뇨기과 추천해줘,2
제일 가까운 비뇨기과 알고 싶어,2
가까운 비뇨기과 추천해줘,2
가까운 비뇨기과 알려줘 ,2
최단거리 비뇨기과과알려줘,2
을지로4가에서 제일 가까운 안과 알려줘,2
을지로4가에서 가장 가까운 안과 알려줘,2
근처 치과 위치 알려주세요,2
근처 치과 알려주세요,2
내 주변 치과 어디있는지 알려줘,2
내 주변 치과 어디에 있어?,2
을지로4가 치과 알려줄래?,2
을지로4가 치과 위치 알려줄래?,2
창동 근처 치과이 어디에 있니?,2
창동 근처 치과이 어디 있어?,2
창동 근처 치과 좀 알려주세요,2
창동 치과 추천해줘,2
오이도 근처 치과 알고 싶어,2
오이도 치과 알고 싶어,2
홍대입구 주변 치과 알고 싶어,2
인천 주변 치의학과 알 수 있을까?,2
인천 주변 치의학과 알 수 있을까?,2
인천 치과 추천 해주세요,2
청라 근처 치과 추천해주세요,2
성남시 서현동 치과 알려주라,2
성남시 서현동에 있는 치과 알려줘,2
성남시 서현동에 있는 치과 어디 있니,2
분당 치과 어디 있니?,2
분당 치과 알려주라,2
응급실 알고 싶다,2
응급실이 알고 싶다,2
응급실가 어디에 있는지 알고 싶어요,2
응급실 위치 알고 싶습니다,2
응급실 위치 알려저,2
응급실 알려줘,2
응급실 추천해줘,2
응급실 알려주라,2
홍익대 치과 알려줘,2
치과,2
국방부 쪽 치과 알려줘,2
국방부 부근 치과 알려줄래?,2
국방부 주변 치과 알려주세요,2
국방부 치과이 알고 싶어,2
숙대입구역이랑 가까운 치과 알고 싶어,2
숙대입구역이랑 가까운 치과 원해,2
숙대입구역 가까운 치과 알려줘,2
회현역과 가까운 치과 알려주라,2
회현역이랑 가까운 치과 알려주라,2
회현역 부근 치과 알려주세요,2
삼각지 흉부외과 위치 알려주세요,2
삼각지 흉부외과 어디에 있니?,2
삼각지 흉부외과 어디쯤 있어?,2
삼각지 흉부외과 어디 있어?,2
삼각지 치과 추천해줘,2
이촌 주변 치과은 어디에 있을까요?,2
내 주변 치과 알려줘,2
주변 외상센터 알려줘,2
근처 외상센터 알려줘,2
근처 외상센터 위치 알려줘,2
주변 외상센터 위치 알려줘,2
주변 외상센터 알려주라,2
주변 외상센터 위치 알려주라,2
주변 외상센터 위치 부탁드립니다,2
이촌 근처 치과 위치 알려주세요,2
이촌 치과 알려주세요,2
아이파크몰 치과 알려주세요,2
아이파크몰 치과 부탁드립니다,2
아이파크몰 근처 치과 위치 부탁드려요,2
상상마당 주변 치과 알려줘,2
나와 제일 가까운 소아과 알려줘,2
나와 제일 가까운 소아과 위치 알려줘,2
제일 가까운 국군 병원 알려줘,2
제일 가까운 국군 병원 위치 알려줘,2
제일 가까운 국군 병원 추천해줘,2
제일 가까운 국군 병원 알고 싶어,2
가까운 치과 추천해줘,2
가까운 치과 알려줘 ,2
최단거리 치과 알려줘,2
상수역에서 제일 가까운 치과 알려줘,2
홍익대학교에서 가장 가까운 치과 알려줘,2
근처 안과 위치 알려주세요,2
근처 안과 알려주세요,2
내 주변 안과 어디있는지 알려줘,2
내 주변 안과 어디에 있어?,2
마포구 안과 알려줄래?,2
아 홍대 안과 위치 알려줄래?,2
김포 현대아울렛 근처 안과는 어디에 있니?,2
김포 현대아울렛 근처 안과는 어디 있어?,2
김포 현대아울렛 근처 안과 좀 알려주세요,2
김포 현대아울렛 안과 추천해줘,2
혜화동 근처 안과 알고 싶어,2
혜화동 안과 알고 싶어,2
마로니에 공원 주변 안과 알고 싶어,2
마로니에 공원 주변 안과 알 수 있을까?,2
마로니에 공원 주변 안과 알 수 있을까?,2
마로니에 공원 안과 추천 해주세요,2
마로니에 공원 근처 안과 추천해주세요,2
망원 한강 공원 안과 알려주라,2
망원 한강 공원에 있는 안과 알려줘,2
망원 한강 공원에 있는 안과 어디 있니,2
63빌딩 안과 어디 있니?,2
63빌딩 안과 알려주라,2
소화기센터 알고 싶다,2
소화기센터가 알고 싶다,2
소화기센터가 어디에 있는지 알고 싶어요,2
소화기센터 위치 알고 싶습니다,2
소화기센터 위치 알려저,2
소화기센터 알려줘,2
소화기센터 추천해줘,2
소화기센터 알려주라,2
홍익대 안과 알려줘,2
안과,2
63빌딩 쪽 안과 알려줘,2
63빌딩 부근 안과 알려줄래?,2
63빌딩 주변 안과 알려주세요,2
안과가 알고 싶어,2
송천동이랑 가까운 호흡기센터 알고 싶어,2
송천동이랑 가까운 호흡기센터 원해,2
송천동 가까운 안과 알려줘,2
미아역과 가까운 안과 알려주라,2
미아역이랑 가까운 안과 알려주라,2
미아역 부근 안과 알려주세요,2
동대문역사공원 심장센터 위치 알려주세요,2
동대문역사공원 심장센터 어디에 있니?,2
동대문역사공원 심장센터 어디쯤 있어?,2
ddp 심장센터 어디 있어?,2
ddp 심장센터 추천해줘,2
ddp 주변 안과는 어디에 있을까요?,2
내 주변 안과 알려줘,2
주변 뇌혈관 센터 알려줘,2
근처 뇌혈관 센터 알려줘,2
근처 뇌혈관 센터 위치 알려줘,2
주변 뇌혈관 센터 위치 알려줘,2
주변 뇌혈관 센터 알려주라,2
주변 뇌혈관 센터 위치 알려주라,2
주변 뇌혈관 센터 위치 부탁드립니다,2
남대문 근처 안과 위치 알려주세요,2
남대문 안과 알려주세요,2
홍대 내혈관센터 알려주세요,2
홍대 내혈관센터 부탁드립니다,2
ddp 근처 재활 센터 위치 부탁드려요,2
ddp 주변 재활 센터 알려줘,2
나와 제일 가까운 재활센터 알려줘,2
나와 제일 가까운 재활센터 위치 알려줘,2
제일 가까운 안과 알려줘,2
제일 가까운 안과 추천해줘,2
가까운 안과 추천해줘,2
가까운 안과 알려줘 ,2
최단거리 안과 알려줘,2
상수역에서 제일 가까운 안과 알려줘,2
홍익대학교에서 가장 가까운 안과 알려줘,2
주변 외과 알려줘,2
근처 외과 알려줘,2
근처 외과 위치 알려줘,2
주변 외과 위치 알려줘,2
주변 외과 알려주라,2
주변 외과 위치 알려주라,2
주변 외과 위치 부탁드립니다,2
숭례문 근처 외과 위치 알려주세요,2
숭례문 외과 알려주세요,2
잠실 재활 센터 알려주세요,2
잠실 재활 센터 부탁드립니다,2
주변 재활 센터 알려줘,2
근처 재활 센터 알려줘,2
근처 난임센터 위치 알려줘,2
주변 난임센터 위치 알려줘,2
주변 난임센터 알려주라,2
주변 난임센터 위치 알려주라,2
주변 난임센터 위치 부탁드립니다,2
방이동 근처 치과 위치 알려주세요,2
방이동 치과 알려주세요,2
홍대 치과 알려주세요,2
홍대 치과 부탁드립니다,2
주변 난임 센터 알려줘,2
근처 난임 센터 알려줘,2
근처 난임 센터 위치 알려줘,2
주변 관절 병원 위치 알려줘,2
주변 관절 병원 알려주라,2
주변 관절 병원 위치 알려주라,2
주변 관절 병원 위치 부탁드립니다,2
섬진강 근처 정신과 위치 알려주세요,2
섬진강 정신과 알려주세요,2
홍대 관절병원 알려주세요,2
홍대 관절병원 부탁드립니다,2
홍대 관절병원 부탁드립니다,2
주변 관절병원 알려줘,2
근처 건강검진병원 알려줘,2
근처 건강검진병원 위치 알려줘,2
주변 건강검진병원 위치 알려줘,2
주변 건강검진병원 알려주라,2
주변 응급실 위치 알려주라,2
주변 응급실 위치 부탁드립니다,2
임진각 근처 응급실 위치 알려주세요,2
임진각 응급실 알려주세요,2
북한 응급실 알려주세요,2
북한 응급실 부탁드립니다,2
북한 소아과 알려주세요,2
평양 소아과 부탁드립니다,2
평양 소아과 부탁드립니다,2
주변 소아과 알려줘,2
근처 소아과 알려줘,2
근처 피부과 위치 알려줘,2
주변 피부과 위치 알려줘,2
주변 피부과 알려주라,2
주변 피부과 위치 알려주라,2
주변 피부과 위치 부탁드립니다,2
이부프로펜의 부작용은 무엇인가요?,3
아세틸살리실산의 부작용이 뭐야?,3
아세트아미노펜의 부작용 알려줄래?,3
세레콕시브의 부작용 알려줘.,3
스트렙실의 부작용이 어떻게 돼?,3
오르리스타트의 부작용에 대해 설명해줄래?,3
이가탄의 부작용에 대해 설명해줘.,3
영양제의 어떤 부작용이 있을까?,3
A의 부작용에 대해 알고 싶어.,3
B의 부작용에 대해서 궁금해.,3
C의 부작용은 어떤 것이 있을까?,3
가의 부작용에 대해 알려줘.,3
나의 부작용에 대해서 알려주세요.,3
다의 부작용에 대해서 알려주라.,3
라의 부작용에 대한 질문.,3
마의 부작용은?,3
바의 부작용이 뭐야?,3
항생제 부작용,3
사을 먹었을 때 생길 수 있는 문제가 뭐야?,3
아을 먹었을 때 생길 수 있는 문제를 알려줄래?,3
자을 먹었을 때 생길 수 있는 문제를 알려줘.,3
차을 먹었을 때 생길 수 있는 문제가 어떻게 돼?,3
카을 먹었을 때 생길 수 있는 문제에 대해 설명해줄래?,3
타을 먹었을 때 생길 수 있는 문제에 대해 설명해줘.,3
파을 먹었을 때 생길 수 있는 문제는 어떤 것이 있을까?,3
하을 먹었을 때 어떤  문제가 발생할까?,3
타이레놀을 먹었을 때 생길 수 있는 문제에 대해 알고 싶어.,3
이부프로펜 부작용은 무엇인가요?,3
이지엔 부작용이 뭐야?,3
아스피린 부작용 알려줄래?,3
알보칠 부작용 알려줘.,3
타미플루 부작용이 어떻게 돼?,3
엘리멘탈 부작용에 대해 설명해줄래?,3
콜대원 부작용에 대해 설명해줘.,3
스타벅스 어떤 부작용이 있을까?,3
이부프로펜 부작용에 대해 알고 싶어.,3
C 부작용에 대해서 궁금해.,3
D 부작용은 어떤 것이 있을까?,3
E 부작용에 대해 알려줘.,3
F 부작용에 대해서 알려주세요.,3
g 부작용에 대해서 알려주라.,3
포리버연질캡슐 부작용에 대한 질문.,3
마그온플러스연질캡슐 부작용은?,3
서큐실산정 부작용이 뭐야?,3
듀카브플러스정 부작용 알려줘,3
페노제티브정 부작용이 궁금해,3
이부브롬 부작용,3
페낙손정 먹었을 때 생길 수 있는 문제가 뭐야?,3
라베콤비정 먹었을 때 생길 수 있는 문제를 알려줄래?,3
에페신에이스 먹었을 때 생길 수 있는 문제를 알려줘.,3
디에논 먹었을 때 생길 수 있는 문제가 어떻게 돼?,3
한림디스트 먹었을 때 생길 수 있는 문제에 대해 설명해줄래?,3
지엘디에노게스트 먹었을 때 생길 수 있는 문제에 대해 설명해줘.,3
비디엠 먹었을 때 생길 수 있는 문제는 어떤 것이 있을까?,3
엑스키비티 먹었을 때 어떤  문제가 발생할까?,3
알진텍정 먹었을 때 생길 수 있는 문제에 대해 알고 싶어.,3
이부프로펜의 부작용 알려줘,3
아세틸살리실산의 부작용이 뭔지 알려줘?,3
아세트아미노펜의 부작용 알려줄래?,3
세레콕시브의 부작용 알려줘.,3
스트렙실의 부작용이 어떻게 되는지 알려줘,3
오르리스타트의 부작용에 대해 설명해줄래?,3
이가탄의 부작용에 대해 알려줘.,3
영양제의 어떤 부작용이 있을지 알려줄래?,3
A의 부작용에 대해 알고 싶어.,3
B의 부작용에 대해서 알려줘.,3
C의 부작용은 어떤 것이 있을까?,3
가의 부작용에 대해 알려줘.,3
나의 부작용에 대해서 알려주세요.,3
다의 부작용에 대해서 알려주라.,3
마의 부작용은?,3
바의 부작용이 뭐야?,3
항생제 부작용,3
사을 먹었을 때 생길 수 있는 문제가 뭔지 알려줘?,3
아을 먹었을 때 생길 수 있는 문제를 알려줄래?,3
자을 먹었을 때 생길 수 있는 문제를 알려줘.,3
하을 먹었을 때 어떤  문제가 발생할까?,3
타이레놀을 먹었을 때 생길 수 있는 문제에 대해 알려줘.,3
이부프로펜 부작용은 무엇인지 알려줘,3
이지엔 부작용이 뭔지 알려줘,3
아스피린 부작용 알려줘,3
알보칠 부작용 알려줘.,3
타미플루 부작용이 어떻게 되는지 알려줘,3
엘리멘탈 부작용에 대해 설명해줄래?,3
콜대원 부작용에 대해 설명해줘.,3
스타벅스 어떤 부작용이 있을지 알려줘,3
이부프로펜 부작용에 대해 알고 싶어.,3
C 부작용에 대해서 궁금해.,3
D 부작용은 어떤 것이 있을까?,3
E 부작용에 대해 알려줘.,3
F 부작용에 대해서 알려주세요.,3
g 부작용에 대해서 알려주라.,3
포리버연질캡슐 부작용에 대한 질문.,3
마그온플러스연질캡슐 부작용은?,3
서큐실산정 부작용이 뭐야?,3
듀카브플러스정 부작용 알려줘,3
페노제티브정 부작용이 궁금해,3
이부브롬 부작용,3
페낙손정 먹었을 때 생길 수 있는 문제가 뭐야?,3
라베콤비정 먹었을 때 생길 수 있는 문제를 알려줄래?,3
에페신에이스 먹었을 때 생길 수 있는 문제를 알려줘.,3
디에논 먹었을 때 생길 수 있는 문제가 어떻게 돼?,3
한림디스트 먹었을 때 생길 수 있는 문제에 대해 설명해줄래?,3
지엘디에노게스트 먹었을 때 생길 수 있는 문제에 대해 설명해줘.,3
비디엠 먹었을 때 생길 수 있는 문제는 어떤 것이 있을까?,3
엑스키비티 먹었을 때 어떤  문제가 발생할까?,3
알진텍정 먹었을 때 생길 수 있는 문제에 대해 알고 싶어.,3
낙손정 먹었을 때 생길 수 있는 문제가 어떻게 돼?,3
라베콤비정 먹었을 때 생길 수 있는 문제가 어떻게 돼?,3
에페신에이스 먹었을 때 생길 수 있는 문제가 어떻게 돼?,3
디에논 먹었을 때 생길 수 있는 문제가 어떻게 돼?,3
한림디스트 먹었을 때 생길 수 있는 문제가 어떻게 돼??,3
지엘디에노게스트 먹었을 때 생길 수 있는 문제가 어떻게 돼?.,3
비디엠 먹었을 때 생길 수 있는 문제가 어떻게 돼?,3
엑스키비티 먹었을 때 어떤  문제가 발생할까?,3
알진텍정 먹었을 때 생길 수 있는 문제가 어떻게 돼?,3
이부프로펜 부작용이 어떻게 돼?,3
이지엔 부작용이 어떻게 돼?,3
아스피린 부작용이 어떻게 돼?,3
알보칠 부작용이 어떻게 돼?,3
타미플루 부작용이 어떻게 돼?,3
엘리멘탈 부작용이 어떻게 돼?,3
콜대원 부작용이 어떻게 돼?.,3
스타벅스 어떤 부작용이 있을까?,3
이부프로펜 부작용이 어떻게 돼?,3
타세놀정 부작용이 어떻게 돼?,3
타세놀정 부작용이 어떻게 돼??,3
탁센 부작용이 어떻게 돼?,3
탁센 부작용이 어떻게 돼?,3
탁센 부작용이 어떻게 돼?,3
와리맂 부작용이 뭐야?,3
와리맂 부작용 알려줘,3
와리맂 먹으면 생기는 안 좋은 점이 뭘까?,3
와리맂 복용하면 안 좋은 점 있어?,3
와리맂 복용하면 좋지 못한 점은?,3
와리맂 복용하면 좋지 않은 점 알려줘,3
와리맂 복용 시 생기는 점 알려줘,3
와리맂 복용 시에 발생할 수 있는 부작용 좀 알려줄래?,3
와리맂 부작용 알려주라,3
와리맂 복용하면 생기는 부작용 알려줘,3
알파맥스 복용하면 생기는 안 좋은 점을 말해주세요,3
알파맥스 부작용을 말해줘,3
알파맥스 부작용을 말해주라,3
알파맥스 복용 시 발생하는 부작용은?,3
알파맥스 부작용 좀 알려주라,3
그타기로맥스 부작용을 알려주실래요?,3
그타기로맥스 복용하려 하는데 혹시 부작용이 있을까?,3
그타기로맥스 복용하려 하는데 혹시 무슨 일이 생길까?,3
그타기로맥스 복용 시 생기는 일 알려줘,3
그타기로맥스 복용 시 가능성 있는 점 알려줘,3
그타기로맥스 먹으려 하는데 부작용 있어?,3
피그먼 부작용이 있어?,3
피그먼 먹을 건데 부작용이 생길까?,3
피그먼 먹을 건데 부작용을 알려주라,3
피그먼 복용할 건데 부작용이 뭘까요?,3
피그먼 복용할 건데 부작용이 알고 싶어요,3
피그먼 부작용 알고 싶어,3
피그먼 부작용 알고 싶어요,3
피그먼 안 좋은 점 알고 싶어요,3
피그먼 안 좋은 점 알려주라,3
코디콜캡슐 부작용이 뭐야?,3
코디콜캡슐 부작용 알려줘,3
코디콜캡슐 먹으면 생기는 안 좋은 점이 뭘까?,3
코디콜캡슐 복용하면 안 좋은 점 있어?,3
코디콜캡슐 복용하면 좋지 못한 점은?,3
코디콜캡슐 복용하면 좋지 않은 점 알려줘,3
홍인사정 복용 시 생기는 점 알려줘,3
홍인사정 복용 시에 발생할 수 있는 부작용 좀 알려줄래?,3
홍인사정 부작용 알려주라,3
홍인사정 복용하면 생기는 부작용 알려줘,3
홍인사정 복용하면 생기는 안 좋은 점을 말해주세요,3
홍인사정 부작용을 말해줘,3
홍인사정 부작용을 말해주라,3
코디칼리 복용 시 발생하는 부작용은?,3
코디칼리 부작용 좀 알려주라,3
코디칼리 부작용을 알려주실래요?,3
코디칼리 복용하려 하는데 혹시 부작용이 있을까?,3
코디칼리 복용하려 하는데 혹시 무슨 일이 생길까?,3
코디칼리 복용 시 생기는 일 알려줘,3
코디칼리 복용 시 가능성 있는 점 알려줘,3
코디칼리 먹으려 하는데 부작용 있어?,3
코디칼리 부작용이 있어?,3
코디칼리 먹을 건데 부작용이 생길까?,3
코디칼리 먹을 건데 부작용을 알려주라,3
코디콜캡슐 복용할 건데 부작용이 뭘까요?,3
코디콜캡슐 복용할 건데 부작용이 알고 싶어요,3
코디콜캡슐 부작용 알고 싶어,3
코디콜캡슐 부작용 알고 싶어요,3
코디콜캡슐 안 좋은 점 알고 싶어요,3
코디콜캡슐 안 좋은 점 알려주라,3
코펜콜 부작용이 뭐야?,3
콜롭서 부작용 알려줘,3
콜롭서 먹으면 생기는 안 좋은 점이 뭘까?,3
콜롭서 복용하면 안 좋은 점 있어?,3
콜롭서 복용하면 좋지 못한 점은?,3
콜롭서 복용하면 좋지 않은 점 알려줘,3
콜롭서 복용 시 생기는 점 알려줘,3
콜롭서 복용 시에 발생할 수 있는 부작용 좀 알려줄래?,3
코펜콜 부작용 알려주라,3
코펜콜 복용하면 생기는 부작용 알려줘,3
코펜콜 복용하면 생기는 안 좋은 점을 말해주세요,3
코펜콜 부작용을 말해줘,3
코펜콜 부작용을 말해주라,3
코펜콜 복용 시 발생하는 부작용은?,3
코펜콜 부작용 좀 알려주라,3
코펜콜 부작용을 알려주실래요?,3
코펜콜 복용하려 하는데 혹시 부작용이 있을까?,3
코펜콜 복용하려 하는데 혹시 무슨 일이 생길까?,3
코펜콜 복용 시 생기는 일 알려줘,3
코펜콜 복용 시 가능성 있는 점 알려줘,3
소치오 먹으려 하는데 부작용 있어?,3
소치오 부작용이 있어?,3
소치오 먹을 건데 부작용이 생길까?,3
소치오 먹을 건데 부작용을 알려주라,3
소치오 복용할 건데 부작용이 뭘까요?,3
소치오 복용할 건데 부작용이 알고 싶어요,3
소치오 부작용 알고 싶어,3
코펜콜 부작용 알고 싶어요,3
코펜콜 안 좋은 점 알고 싶어요,3
코펜콜 안 좋은 점 알려주라,3
이부프로펜의 부작용은 무엇인가요?,3
아세틸살리실산의 부작용이 뭐야?,3
아세트아미노펜의 부작용 알려줄래?,3
세레콕시브의 부작용 알려줘.,3
스트렙실의 부작용이 어떻게 돼?,3
오르리스타트의 부작용에 대해 설명해줄래?,3
이가탄의 부작용에 대해 설명해줘.,3
영양제의 어떤 부작용이 있을까?,3
A의 부작용에 대해 알고 싶어.,3
B의 부작용에 대해서 궁금해.,3
C의 부작용은 어떤 것이 있을까?,3
가의 부작용에 대해 알려줘.,3
나의 부작용에 대해서 알려주세요.,3
다의 부작용에 대해서 알려주라.,3
라의 부작용에 대한 질문.,3
마의 부작용은?,3
바의 부작용이 뭐야?,3
항생제 부작용,3
자일리톨을 먹었을 때 생길 수 있는 문제가 뭐야?,3
자일리톨을 먹었을 때 생길 수 있는 문제를 알려줄래?,3
자일리톨을 먹었을 때 생길 수 있는 문제를 알려줘.,3
자일리톨을 먹었을 때 생길 수 있는 문제가 어떻게 돼?,3
카을 먹었을 때 생길 수 있는 문제에 대해 설명해줄래?,3
타을 먹었을 때 생길 수 있는 문제에 대해 설명해줘.,3
파을 먹었을 때 생길 수 있는 문제는 어떤 것이 있을까?,3
하을 먹었을 때 어떤  문제가 발생할까?,3
코사딘을 먹을 때 무슨 문제가 생길 수 있는지?,3
코사딘을 먹을 때 무슨 문제가 생길 수 있는지를 알려줄래?,3
코사딘을 먹을 때 무슨 문제가 생길 수 있는지를 알려줘.,3
코사딘을 먹을 때 무슨 문제가 생길 수 있어?,3
코사딘을 먹을 때 무슨 문제가 생길 수 있는지에 대해 설명해줄래?,3
프렉체리놀을 먹을 때 무슨 문제가 생길 수 있는지에 대해 설명해줘.,3
프렉체리놀을 먹을 때 무슨 문제가 생길 수 있을까?,3
프렉체리놀을 먹을 때 무슨 문제가 생기는 지 알고 있어?,3
프렉체리놀을 먹을 때 무슨 문제가 생기는 지 알고 있어?,3
프렉체리놀을 먹을 때 무슨 문제가 생기는 지 알고 있어?,3
푸사징을 먹을 때 어떤 문제가 생길 수 있는지?,3
푸사징을 먹을 때 어떤 문제가 생길 수 있는지를 알려줄래?,3
푸사징을 먹을 때 어떤 문제가 생길 수 있는지를 알려줘.,3
푸사징을 먹을 때 어떤 문제가 생길 수 있어?,3
푸사징을 먹을 때 어떤 문제가 생길 수 있는지에 대해 설명해줄래?,3
푸바오를 먹을 때 어떤 문제가 생길 수 있는지에 대해 설명해줘.,3
푸바오를 먹을 때 어떤 문제가 생길 수 있을까?,3
푸바오를 먹을 때 어떤 문제가 생기는 지 알고 있어?,3
푸바오를 먹을 때 어떤 문제가 생기는 지 알고 있어?,3
푸바오를 먹을 때 어떤 문제가 생기는 지 알고 있어?,3
타이레놀을 먹었을 때 생길 수 있는 문제에 대해 알고 싶어.,3
이부프로펜 부작용은 무엇인가요?,3
이지엔 부작용이 뭐야?,3
아스피린 부작용 알려줄래?,3
알보칠 부작용 알려줘.,3
타미플루 부작용이 어떻게 돼?,3
엘리멘탈 부작용에 대해 설명해줄래?,3
콜대원 부작용에 대해 설명해줘.,3
스타벅스 어떤 부작용이 있을까?,3
이부프로펜 부작용에 대해 알고 싶어.,3
C 부작용에 대해서 궁금해.,3
D 부작용은 어떤 것이 있을까?,3
E 부작용에 대해 알려줘.,3
F 부작용에 대해서 알려주세요.,3
g 부작용에 대해서 알려주라.,3
포리버연질캡슐 부작용에 대한 질문.,3
마그온플러스연질캡슐 부작용은?,3
서큐실산정 부작용이 뭐야?,3
듀카브플러스정 부작용 알려줘,3
페노제티브정 부작용이 궁금해,3
이부브롬 부작용,3
페낙손정 먹었을 때 생길 수 있는 문제가 뭐야?,3
라베콤비정 먹었을 때 생길 수 있는 문제를 알려줄래?,3
에페신에이스 먹었을 때 생길 수 있는 문제를 알려줘.,3
디에논 먹었을 때 생길 수 있는 문제가 어떻게 돼?,3
한림디스트 먹었을 때 생길 수 있는 문제에 대해 설명해줄래?,3
지엘디에노게스트 먹었을 때 생길 수 있는 문제에 대해 설명해줘.,3
비디엠 먹었을 때 생길 수 있는 문제는 어떤 것이 있을까?,3
엑스키비티 먹었을 때 어떤  문제가 발생할까?,3
알진텍정 먹었을 때 생길 수 있는 문제에 대해 알고 싶어.,3
이부프로펜의 부작용 알려줘,3
아세틸살리실산의 부작용이 뭔지 알려줘?,3
아세트아미노펜의 부작용 알려줄래?,3
세레콕시브의 부작용 알려줘.,3
스트렙실의 부작용이 어떻게 되는지 알려줘,3
오르리스타트의 부작용에 대해 설명해줄래?,3
이가탄의 부작용에 대해 알려줘.,3
영양제의 어떤 부작용이 있을지 알려줄래?,3
A의 부작용에 대해 알고 싶어.,3
B의 부작용에 대해서 알려줘.,3
C의 부작용은 어떤 것이 있을까?,3
가의 부작용에 대해 알려줘.,3
나의 부작용에 대해서 알려주세요.,3
다의 부작용에 대해서 알려주라.,3
마의 부작용은?,3
바의 부작용이 뭐야?,3
항생제 부작용,3
사을 먹었을 때 생길 수 있는 문제가 뭔지 알려줘?,3
아을 먹었을 때 생길 수 있는 문제를 알려줄래?,3
자을 먹었을 때 생길 수 있는 문제를 알려줘.,3
하을 먹었을 때 어떤  문제가 발생할까?,3
탕후르를 먹었을 때 무슨 문제가 생길 수 있는지 알려줘?,3
탕후르를 먹었을 때 무슨 문제가 생길 수 있는지를 알려줄래?,3
탕후르를 먹었을 때 무슨 문제가 생길 수 있을건인지를 알려줘.,3
탕후르를 먹었을 때 무슨  문제가 발생할까?,3
타이레놀을 먹었을 때 생길 수 있는 문제에 대해 알려줘.,3
이부프로펜 부작용은 무엇인지 알려줘,3
이지엔 부작용이 뭔지 알려줘,3
아스피린 부작용 알려줘,3
알보칠 부작용 알려줘.,3
타미플루 부작용이 어떻게 되는지 알려줘,3
엘리멘탈 부작용에 대해 설명해줄래?,3
콜대원 부작용에 대해 설명해줘.,3
스타벅스 어떤 부작용이 있을지 알려줘,3
이부프로펜 부작용에 대해 알고 싶어.,3
C 부작용에 대해서 궁금해.,3
D 부작용은 어떤 것이 있을까?,3
E 부작용에 대해 알려줘.,3
F 부작용에 대해서 알려주세요.,3
g 부작용에 대해서 알려주라.,3
포리버연질캡슐 부작용에 대한 질문.,3
마그온플러스연질캡슐 부작용은?,3
서큐실산정 부작용이 뭐야?,3
듀카브플러스정 부작용 알려줘,3
페노제티브정 부작용이 궁금해,3
이부브롬 부작용,3
페낙손정 먹었을 때 생길 수 있는 문제가 뭐야?,3
라베콤비정 먹었을 때 생길 수 있는 문제를 알려줄래?,3
에페신에이스 먹었을 때 생길 수 있는 문제를 알려줘.,3
디에논 먹었을 때 생길 수 있는 문제가 어떻게 돼?,3
한림디스트 먹었을 때 생길 수 있는 문제에 대해 설명해줄래?,3
지엘디에노게스트 먹었을 때 생길 수 있는 문제에 대해 설명해줘.,3
비디엠 먹었을 때 생길 수 있는 문제는 어떤 것이 있을까?,3
엑스키비티 먹었을 때 어떤  문제가 발생할까?,3
알진텍정 먹었을 때 생길 수 있는 문제에 대해 알고 싶어.,3
낙손정 먹었을 때 생길 수 있는 문제가 어떻게 돼?,3
라베콤비정 먹었을 때 생길 수 있는 문제가 어떻게 돼?,3
에페신에이스 먹었을 때 생길 수 있는 문제가 어떻게 돼?,3
디에논 먹었을 때 생길 수 있는 문제가 어떻게 돼?,3
한림디스트 먹었을 때 생길 수 있는 문제가 어떻게 돼??,3
지엘디에노게스트 먹었을 때 생길 수 있는 문제가 어떻게 돼?.,3
비디엠 먹었을 때 생길 수 있는 문제가 어떻게 돼?,3
엑스키비티 먹었을 때 어떤  문제가 발생할까?,3
알진텍정 먹었을 때 생길 수 있는 문제가 어떻게 돼?,3
이부프로펜 부작용이 어떻게 돼?,3
이지엔 부작용이 어떻게 돼?,3
아스피린 부작용이 어떻게 돼?,3
알보칠 부작용이 어떻게 돼?,3
타미플루 부작용이 어떻게 돼?,3
엘리멘탈 부작용이 어떻게 돼?,3
콜대원 부작용이 어떻게 돼?.,3
스타벅스 어떤 부작용이 있을까?,3
이부프로펜 부작용이 어떻게 돼?,3
타세놀정 부작용이 어떻게 돼?,3
타세놀정 부작용이 어떻게 돼??,3
탁센 부작용이 어떻게 돼?,3
탁센 부작용이 어떻게 돼?,3
탁센 부작용이 어떻게 돼?,3
비자니정의 효과는 무엇인가요?,4
앱시토정의 효과가 뭐야?,4
앱시토의 효과 알려줄래?,4
에어페낙듀오의 효과 알려줘.,4
에어페낙듀오의 효과에 대해 알려줘.,4
에어페오의 효과에 대해서 알려줘.,4
아세리손의 효과가 어떻게 돼?,4
조인엔콘드의 효과에 대해 설명해줄래?,4
텔미로젯의 효과에 대해 설명해줘.,4
텔미로젯에는 어떤 효과가 있을까,4
텔미로젯의 효과에 대해 알고 싶어.,4
비자니정 효과는 무엇인가요?,4
앱시토정 효과가 뭐야?,4
앱시토 효과 알려줄래?,4
에어페낙듀오 효과 알려줘.,4
에어페낙듀오 효과에 대해 알려줘.,4
에어페오 효과에 대해서 알려줘.,4
아세리손 효과가 어떻게 돼?,4
조인엔콘드 효과에 대해 설명해줄래?,4
텔미로젯 효과에 대해 설명해줘.,4
텔미로젯 어떤 효과가 있을까,4
텔미로젯 효과에 대해 알고 싶어.,4
알프람은 어떨 때 먹는거야?,4
알프람은 어떨 때 먹는거야?,4
알프람은 어떨 때 먹어도 되는거야?,4
알프람은 어떨 때 먹는건지 알고 싶어.,4
타세놀은 어디가 아플 때 먹는거야?,4
타세놀은 어디가 아플 때 먹는건가요?,4
타세놀은 어디가 아플 때 먹는 것인지 알려줘.,4
다파프로은 어디가 아플 때 먹는건지 알려줄래.,4
다파프로을 어디가 아플 때 먹는건지 알고 싶어,4
다파프로은 언제 먹는거야?,4
로피롤에이은 언제 보통 먹는거야?,4
로피롤에이은 보통 언제 먹는건가요?,4
로타인은 언제 먹어야 하는 것인가요?,4
로타인은 언제 먹어야 하는지 알려줄래?,4
로타인은 언제 먹는건지 아려줘.,4
로타인을 언제 먹는건지 알고 싶어.,4
알프 어떨 때 먹는거야?,4
알프 어떨 때 먹는거야?,4
알프 어떨 때 먹어도 되는거야?,4
알프 어떨 때 먹는건지 알고 싶어.,4
타세 어디가 아플 때 먹는거야?,4
타세 어디가 아플 때 먹는건가요?,4
타세 어디가 아플 때 먹는 것인지 알려줘.,4
다파프 어디가 아플 때 먹는건지 알려줄래.,4
다파프 어디가 아플 때 먹는건지 알고 싶어,4
다파프 언제 먹는거야?,4
로피롤에 언제 보통 먹는거야?,4
로피롤에 보통 언제 먹는건가요?,4
로타 언제 먹어야 하는 것인가요?,4
로타 언제 먹어야 하는지 알려줄래?,4
로타 언제 먹는건지 알려줘.,4
로타 언제 먹는건지 알고 싶어.,4
뉴셀디의 복용 효능이 뭐야?,4
뉴셀디의 복용 효능은 무엇인가요?,4
뉴셀디의 복용 효능에 대해서 알고 싶어.,4
뉴셀디의 복용 효능을 알려줘.,4
락토폴의 복용 효능에 대해서 알려줘.,4
락토폴의 복용 효능이 궁금해.,4
락토폴의 복용 효능에 대해서 설명해줄래?,4
화인백의 복용 효능에 대해서 설명해줘.,4
뉴셀디 복용 효능이 뭐야?,4
뉴셀디 복용 효능은 무엇인가요?,4
뉴셀디 복용 효능에 대해서 알고 싶어.,4
뉴셀디 복용 효능을 알려줘.,4
락토폴 복용 효능에 대해서 알려줘.,4
락토폴 복용 효능이 궁금해.,4
락토폴 복용 효능에 대해서 설명해줄래?,4
화인백 복용 효능에 대해서 설명해줘.,4
화인백은 언제 복용하는거야?,4
화인백은 어떨 때 복용하는 것인지 알려줄래?,4
락토그린을 언제 복용하는지 알려줘.,4
락토그린을 어디가 아플 때 복용하는 것인지 알려줘.,4
락토그린은 어디가 아플 때 복용해야해?,4
화인백 언제 복용하는거야?,4
화인백 어떨 때 복용하는 것인지 알려줄래?,4
락토그린 언제 복용하는지 알려줘.,4
락토그린 어디가 아플 때 복용하는 것인지 알려줘.,4
락토그린 어디가 아플 때 복용해야해?,4
알파파워의 복용 효과는 뭐야,4
알파파워의 복용 효과에 대해 알고 싶어.,4
알파파워의 복용 효과를 설명해줘.,4
위캡 효과는 무엇인가요?,4
위캡 효과가 뭐야?,4
위캡 효과 알려줄래?,4
위캡 효과 알려줘.,4
화인백 먹으면 어디에 좋아?,4
화인백 먹으면 어디에 좋은지 알려줄래?,4
락토그린 복용하면 어디에 좋은지 알려줘.,4
락토그린 어디가 아플 때 복용하는 것인지 알려줘.,4
락토그린 어디가 아플 때 복용해야해?,4
알파파워 복용 시 어디가 좋은지 말해줘,4
알파파워의 복용하면 어디에 좋은지 알고 싶어,4
알파파워의 복용하면 어디에 좋을까,4
위캡 먹으면 어디에 좋을까,4
위캡 먹었을 때 뭐가 좋아?,4
위캡 먹으면 뭐가 어디에 좋은지 알려줄래?,4
위캡 어디에 효과 있는지 알려줘.,4
마그랑비 효과가 어떻게 돼?,4
마그랑비 효과에 대해 설명해줄래?,4
마그랑비 효과에 대해 설명해줘.,4
이부브롬에는 어떤 효과가 있을까,4
이부브롬 효과에 대해 알고 싶어.,4
이부브롬 어떨 때 먹는거야?,4
비디엠 어떨 때 먹는거야?,4
비디엠 어떨 때 먹어도 되는거야?,4
비디엠 어떨 때 먹는건지 알고 싶어.,4
엘라오일 어디가 아플 때 먹는거야?,4
엘라오일 어디가 아플 때 먹는건가요?,4
엘라오일 어디가 아플 때 먹는 것인지 알려줘.,4
마그알파 어디가 아플 때 먹는건지 알려줄래.,4
마그알파 어디가 아플 때 먹는건지 알고 싶어,4
마그알파 언제 먹는거야?,4
도배스 언제 보통 먹는거야?,4
도베스 보통 언제 먹는건가요?,4
도베스 언제 먹어야 하는 것인가요?,4
마그온맥스비 언제 먹어야 하는지 알려줄래?,4
마그온맥스비 언제 먹는건지 알려줘.,4
마그온맥스비 언제 먹는건지 알고 싶어.,4
마그온맥스비 효능이 뭐야?,4
씨이엔브이 효능은 무엇인가요?,4
씨이엔브이 효능에 대해서 알고 싶어.,4
씨이엔브이 효능을 알려줘.,4
벨록스 효능에 대해서 알려줘.,4
벨록스 효능이 궁금해.,4
벨록스 효능에 대해서 설명해줄래?,4
마이티신 효능에 대해서 설명해줘.,4
마이티신 언제 복용하는거야?,4
마이티신 어떨 때 복용하는 것인지 알려줄래?,4
비자니 언제 복용하는지 알려줘.,4
비자니 어디가 아플 때 복용하는 것인지 알려줘.,4
이부프로펜 어디가 아플 때 복용해야해?,4
알진텍 복용 효과는 뭐야,4
알진텍 복용 효과에 대해 알고 싶어.,4
알진텍 복용 효과에 대해서 알려줘,4
알진텍 복용 효과에 대해 알려줘.,4
알진텍 복용 효과를 설명해줘.,4
비자니정의 효과를 알려줘,4
앱시토정의 효과가 뭔지 알려줘,4
앱시토의 효과 알려줘,4
에어페낙듀오의 효과 알려줘.,4
에어페낙듀오의 효과에 대해 알려줘.,4
에어페오의 효과에 대해서 알려줘.,4
아세리손의 효과가 어떻게 되는지 알려줘,4
조인엔콘드의 효과에 대해 알려줄래?,4
텔미로젯의 효과에 대해 알려줘.,4
텔미로젯에는 어떤 효과가 있을지 알려줘,4
텔미로젯의 효과에 대해 알고 싶어.,4
비자니정 효과는 무엇인가요?,4
앱시토정 효과가 뭐야?,4
앱시토 효과 알려줄래?,4
에어페낙듀오 효과 알려줘.,4
에어페낙듀오 효과에 대해 알려줘.,4
에어페오 효과에 대해서 알려줘.,4
아세리손 효과가 어떻게 돼?,4
조인엔콘드 효과에 대해 설명해줄래?,4
텔미로젯 효과에 대해 설명해줘.,4
텔미로젯 어떤 효과가 있을까,4
텔미로젯 효과에 대해 알고 싶어.,4
알프람은 어떨 때 먹는거야?,4
알프람은 어떨 때 먹는거야?,4
알프람은 어떨 때 먹어도 되는거야?,4
알프람은 어떨 때 먹는건지 아렬줘.,4
타세놀은 어디가 아플 때 먹는건지 알려줄래?,4
타세놀은 어디가 아플 때 먹는건가요?,4
타세놀은 어디가 아플 때 먹는 것인지 알려줘.,4
다파프로은 어디가 아플 때 먹는건지 알려줄래.,4
다파프로을 어디가 아플 때 먹는건지 알고 싶어,4
타세놀은 어디가 아플 때 먹어야 좋아?,4
타세놀은 어디가 아플 때 먹어야 좋아?,4
타세놀은 어디가 아플 때 먹어야 좋아?.,4
다파프로은 언제 먹는거야?,4
로피롤에이은 언제 보통 먹는거야?,4
로피롤에이은 보통 언제 먹는건가요?,4
로타인은 언제 먹어야 하는 것인가요?,4
로타인은 언제 먹어야 하는지 알려줄래?,4
로피롤에이은 언제 아플 때 먹어야 좋아?,4
로피롤에이은 보통 언제 아플 때 먹어야 좋은가요?,4
로타인은 언제 먹어야 좋은가요?,4
로타인은 언제 먹어야 좋나요?,4
로타인은 언제 먹는건지 알려줘.,4
로타인을 언제 먹는건지 알고 싶어.,4
알프 어떨 때 먹는거야?,4
알프 어떨 때 먹는거야?,4
알프 어떨 때 먹어도 되는거야?,4
알프 어떨 때 먹는건지 알고 싶어.,4
타세 어디가 아플 때 먹는거야?,4
타세 어디가 아플 때 먹는건가요?,4
타세 어디가 아플 때 먹는 것인지 알려줘.,4
다파프 어디가 아플 때 먹는건지 알려줄래.,4
다파프 어디가 아플 때 먹는건지 알고 싶어,4
다파프 언제 먹는거야?,4
로피롤에 언제 보통 먹는거야?,4
로피롤에 보통 언제 먹는건가요?,4
로타 언제 먹어야 하는 것인가요?,4
로타 언제 먹어야 하는지 알려줄래?,4
로타 언제 먹는건지 알려줘.,4
로타 언제 먹는건지 알고 싶어.,4
뉴셀디의 효능이 뭐야?,4
뉴셀디의 효능은 무엇인가요?,4
뉴셀디의 효능에 대해서 알고 싶어.,4
뉴셀디의 효능을 알려줘.,4
락토폴의 효능에 대해서 알려줘.,4
락토폴의 효능이 궁금해.,4
락토폴의 효능에 대해서 설명해줄래?,4
화인백의 효능에 대해서 설명해줘.,4
뉴셀디 효능이 뭐야?,4
뉴셀디 효능은 무엇인가요?,4
뉴셀디 효능에 대해서 알고 싶어.,4
뉴셀디 효능을 알려줘.,4
락토폴 효능에 대해서 알려줘.,4
락토폴 효능이 궁금해.,4
락토폴 효능에 대해서 설명해줄래?,4
화인백 효능에 대해서 설명해줘.,4
뉴셀디 효과이 뭐야?,4
뉴셀디 효과은 무엇인가요?,4
뉴셀디 효과에 대해서 알고 싶어.,4
뉴셀디 효과을 알려줘.,4
락토폴 효과에 대해서 알려줘.,4
락토폴 효과이 궁금해.,4
락토폴 효과에 대해서 설명해줄래?,4
화인백 효과에 대해서 설명해줘.,4
화인백은 언제 복용하는거야?,4
화인백은 어떨 때 복용하는 것인지 알려줄래?,4
락토그린을 언제 복용하는지 알려줘.,4
락토그린을 어디가 아플 때 복용하는 것인지 알려줘.,4
락토그린은 어디가 아플 때 복용해야해?,4
화인백 언제 복용하는거야?,4
화인백 어떨 때 복용하는 것인지 알려줄래?,4
락토그린 언제 복용하는지 알려줘.,4
락토그린 어디가 아플 때 복용하는 것인지 알려줘.,4
락토그린 어디가 아플 때 복용해야해?,4
알파파워의 복용 효과는 뭐야,4
알파파워의 복용 효과에 대해 알고 싶어.,4
알파파워의 복용 효과를 설명해줘.,4
위캡 효과는 무엇인가요?,4
위캡 효과가 뭐야?,4
위캡 효과 알려줄래?,4
위캡 효과 알려줘.,4
마그랑비 효과가 어떻게 돼?,4
마그랑비 효과에 대해 설명해줄래?,4
마그랑비 효과에 대해 설명해줘.,4
이부브롬에는 어떤 효과가 있을지 알려줘,4
이부브롬 효과에 대해 알려줘.,4
이부브롬 어떨 때 먹는거야?,4
비디엠 어떨 때 복용 하는거야?,4
비디엠 어떨 때 복용해도 되는거야?,4
비디엠 어떨 때 복용하는건지 알고 싶어.,4
엘라오일 어디가 아플 때 좋아?,4
엘라오일 어디가 아플 때 좋아?,4
엘라오일 어디가 아플 때 좋은지 알려줘.,4
마그알파 어디가 아플 때 복용하면 좋은지 알려줄래?,4
마그알파 어디가 아플 때 복용하면 좋을지 알려줄래?,4
마그알파 언제 먹는거야?,4
도배스 언제 보통 먹는거야?,4
도베스 보통 언제 복용하는건지 알려줘,4
도베스 언제 복용 하는 것인지 알려줘,4
마그온맥스비 언제 복용해야 하는지 알려줄래?,4
마그온맥스비 언제 복용해야 하는건지 알려줘.,4
도베스 보통 언제 복용하면 좋은지 알려줄래?,4
도베스 언제 복용 하면 좋은지 알려줘,4
마그온맥스비 언제 복용해야 좋을지지 알려줄래?,4
마그온맥스비 언제 복용해야 좋은건지 알려줘.,4
마그온맥스비 복용 효능이 뭐야?,4
씨이엔브이 복용 효능은 무엇인가요?,4
씨이엔브이 복용 효능에 대해서 알려줘.,4
씨이엔브이 복용 효능을 알려줘.,4
벨록스 복용 효능에 대해서 알려줘.,4
벨록스 복용 효능이 궁금해.,4
벨록스 복용 효능에 대해서 설명해줄래?,4
마이티신 효능에 대해서 설명해줘.,4
씨이엔브이 복용 효과은 무엇인가요?,4
씨이엔브이 복용 효과에 대해서 알려줘.,4
씨이엔브이 복용 효과을 알려줘.,4
벨록스 복용 효과에 대해서 알려줘.,4
벨록스 복용 효과이 궁금해.,4
벨록스 복용 효과에 대해서 설명해줄래?,4
마이티신 효과에 대해서 설명해줘.,4
마이티신 언제 복용하는거야?,4
마이티신 어떨 때 복용하는 것인지 알려줘,4
비자니 언제 복용하는지 알려줘.,4
비자니 어디가 아플 때 복용하는 것인지 알려줘.,4
이부프로펜 어디가 아플 때 복용해야하는지 알려줘,4
알진텍 복용 효과는 뭔지 알려줘,4
알진텍 복용 효과에 대해 알고 싶어.,4
알진텍 복용 효과에 대해서 알려줘,4
알진텍 복용 효과에 대해 알려줘.,4
알진텍 복용 효과를 알려줘.,4
벨록스 복용 효능이 어떻게 돼? ,4
벨록스 복용 효능이 어떻게 돼? ,4
벨록스 복용 효능이 어떻게 돼? ,4
마이티신 효능이 어떻게 돼?,4
씨이엔브이 복용 효과가 어떻게 돼?,4
씨이엔브이 복용 효과가 어떻게 돼?,4
씨이엔브이 복용 효과가 어떻게 돼?,4
알파파워의 복용 효과가 어떻게 돼?,4
알파파워의 복용 효과가 어떻게 돼?,4
알파파워의 복용 효과가 어떻게 돼?,4
뉴셀디 효능이 어떻게 돼? ,4
뉴셀디 효능이 어떻게 돼? ,4
뉴셀디 효능이 어떻게 돼? ,4
뉴셀디 효능이 어떻게 돼?,4
락토폴 효능이 어떻게 돼? ,4
락토폴 효능이 어떻게 돼? ,4
락토폴 효능이 어떻게 돼? ,4
화인백 효능이 어떻게 돼? ,4
뉴셀디 효과가 어떻게 돼? ,4
뉴셀디 효과가 어떻게 돼? ,4
뉴셀디 효과가 어떻게 돼?,4
뉴셀디 효과가 어떻게 돼?,4
락토폴 효과가 어떻게 돼?,4
슈타린정 효과 알려줘,4
슈타린정 효능 좀 알려줄래?,4
슈타린정 먹으면 무슨 효과 있어?,4
슈타린정 복용 시 효과 뭐야?,4
슈타린정 복용 시에 효능이 뭐야?,4
슈니첼 복용 시에 효능 좀 알려주래?,4
슈니첼 복용할 때 알면 좋은 효능 알려줘,4
슈니첼 먹을 건데 효과 말해줘,4
슈니첼 먹을 건데 효능 알고 싶어,4
슈니첼 먹어야 하는데 효과 알려줘,4
슈니첼 먹을려고 하는데 효능 좀 알려줘,4
슈니첼은 어디에 좋아?,4
슈니첼 무슨 능력이 있어?,4
슈타린정은 어떤 효과가 있을까?,4
슈타린정은 무슨 효능이 있을까?,4
슈타린정은 무슨 효과가 있어?,4
미자이센 어떤 효능이 있는지 알려줄래?,4
미자이센 효능효과 알고 싶어,4
미자이센 효능을 좀 알고 싶어,4
미자이센 효과 알고 싶어,4
미자이센 먹으면 무엇이 나아질까?,4
미자이센은 어느 통증에 좋아?,4
미자이센은 어디에 좋아?,4
미자이센 먹으면 어떤 통증이 없어질까?,4
미자이센은 어느 부분에 좋을까?,4
슈타린정 효과를 좀 알 수 있을까?,4
슈타린정 효능을 좀 알고 싶은데,4
슈타린정 효능효과 알고 싶습니다.,4
슈타린정 효능을 말해주라,4
슈타린정 효과를 말해주세요,4
슈타린정 효능을 말해줘,4
슈타린정은 어디에 좋을까요?,4
슈타린정 효능법이 뭘까요?,4
슈타린정 효과가 무엇인가요?,4
슈타린정의 효능이 뭐야?,4
케라민활 효과 알려줘,4
케라민활 효능 좀 알려줄래?,4
케라민활 먹으면 무슨 효과 있어?,4
케라민활 복용 시 효과 뭐야?,4
케라민활 복용 시에 효능이 뭐야?,4
케라민활 복용 시에 효능 좀 알려주래?,4
케라민활 복용할 때 알면 좋은 효능 알려줘,4
민라키 먹을 건데 효과 말해줘,4
민라키 먹을 건데 효능 알고 싶어,4
민라키 먹어야 하는데 효과 알려줘,4
민라키 먹을려고 하는데 효능 좀 알려줘,4
케라민캡슐은 어디에 좋아?,4
케라민캡슐 무슨 능력이 있어?,4
케라민캡슐은 어떤 효과가 있을까?,4
케라민캡슐은 무슨 효능이 있을까?,4
케라민캡슐은 무슨 효과가 있어?,4
케라민캡슐 어떤 효능이 있는지 알려줄래?,4
케라민캡슐 효능효과 알고 싶어,4
메디봇 효능을 좀 알고 싶어,4
메디봇 효과 알고 싶어,4
메디봇 먹으면 무엇이 나아질까?,4
메디봇은 어느 통증에 좋아?,4
메디봇은 어디에 좋아?,4
메디봇 먹으면 어떤 통증이 없어질까?,4
메디봇은 어느 부분에 좋을까?,4
메디봇 효과를 좀 알 수 있을까?,4
메디봇 효능을 좀 알고 싶은데,4
메디봇 효능효과 알고 싶습니다.,4
케라민캡슐 효능을 말해주라,4
케라민캡슐 효과를 말해주세요,4
케라민캡슐 효능을 말해줘,4
케라민캡슐은 어디에 좋을까요?,4
케라민캡슐 효능법이 뭘까요?,4
케라민캡슐 효과가 무엇인가요?,4
케라민캡슐의 효능이 뭐야?,4
마그놀정 효과 알려줘,4
마그놀정 효능 좀 알려줄래?,4
마그놀정 먹으면 무슨 효과 있어?,4
마그놀정 복용 시 효과 뭐야?,4
마그놀정 복용 시에 효능이 뭐야?,4
마그놀정 복용 시에 효능 좀 알려주래?,4
마그놀정 복용할 때 알면 좋은 효능 알려줘,4
화이투벤 먹을 건데 효과 말해줘,4
화이투벤 먹을 건데 효능 알고 싶어,4
화이투벤 먹어야 하는데 효과 알려줘,4
화이투벤 먹을려고 하는데 효능 좀 알려줘,4
화이투벤은 어디에 좋아?,4
화이투벤 무슨 능력이 있어?,4
화이투벤은 어떤 효과가 있을까?,4
화이투벤은 무슨 효능이 있을까?,4
마그놀정은 무슨 효과가 있어?,4
놀그마 어떤 효능이 있는지 알려줄래?,4
놀그마 효능효과 알고 싶어,4
놀그마 효능을 좀 알고 싶어,4
놀그마 효과 알고 싶어,4
놀그마 먹으면 무엇이 나아질까?,4
놀그마은 어느 통증에 좋아?,4
놀그마은 어디에 좋아?,4
놀그마 먹으면 어떤 통증이 없어질까?,4
마그놀정은 어느 부분에 좋을까?,4
그놀마잉 효과를 좀 알 수 있을까?,4
그놀마잉 효능을 좀 알고 싶은데,4
그놀마잉 효능효과 알고 싶습니다.,4
그놀마잉 효능을 말해주라,4
그놀마잉 효과를 말해주세요,4
그놀마잉 효능을 말해줘,4
그놀마잉은 어디에 좋을까요?,4
그놀마잉 효능법이 뭘까요?,4
마그놀정 효과가 무엇인가요?,4
마그놀정의 효능이 뭐야?,4
타이레놀의 복용법을 알려줘.,5
페낙손의 복용법에 대해 알고 싶어.,5
페낙손의 복용법이 뭐야?,5
페낙손의 복용법에 대해 설명해줘.,5
누보로젯의 복용법이 어떻게 돼?,5
누보로젯의 복용법이 궁금해.,5
누보로젯의 복용 방법에 대해서 알려줘.,5
오뉴렉의 복용 방법에 대해 알고 싶어.,5
오뉴렉의 복용 방법이 뭐야?,5
오뉴렉의 복용 방법에 대해 설명해줘.,5
뉴셀디의 복용 방법이 어떻게 돼?,5
뉴셀디의 복용 방법이 궁금해. ,5
뉴셀디의 복용 법에 대해서 알려줘.,5
알프람의 복용 법에 대해 알고 싶어.,5
알프람의 복용 법이 뭐야?,5
알프람의 복용 법에 대해 설명해줘.,5
콘디에스의 복용 법이 어떻게 돼?,5
콘디에스의 복용 법이 궁금해.,5
콘디에스을 어떻게 먹는 건지 알려줘.,5
콘디에스을 어떻게 먹는지에 대해 알고 싶어.,5
포펜을 어떻게 먹는거야?,5
포펜을 어떻게 먹는건지 설명해줘.,5
포펜을 어떻게 먹는건지 궁금해.,5
아나파치을 어떻게 먹어야 하는지 알려줘.,5
아나파치을 먹는 방법에 대해서 알려줘.,5
아나파치을 먹는 방법에 대해 알고 싶어.,5
톨비스를 먹는 방법이 뭐야?,5
톨비스의 먹는 방법에 대해 설명해줘.,5
톨비스을 먹는 방법이 어떻게 돼?,5
입랜스을 먹는 방법이 궁금해.,5
입랜스을 몇 알 먹어야 하는지 알려줘.,5
입랜스를 몇 알 먹는건지에 대해 알고 싶어.,5
크레넷을 몇 알 먹어야 해?,5
크레넷을 몇 알 먹어야 하는지 설명해줘.,5
크레넷을 몇 알 먹는것인지 궁금해.,5
테네글로 복용법을 알려줘.,5
테네글로 복용법에 대해 알고 싶어.,5
테네글로 복용법이 뭐야?,5
메이놀 복용법에 대해 설명해줘.,5
메이놀 복용법이 어떻게 돼?,5
메이놀 복용법이 궁금해.,5
원펜 복용 방법에 대해서 알려줘.,5
원펜 복용 방법에 대해 알고 싶어.,5
원펜 복용 방법이 뭐야?,5
벨라비엠 복용 방법에 대해 설명해줘.,5
벨라비엠 복용 방법이 어떻게 돼?,5
벨라비엠 복용 방법이 궁금해. ,5
코발맥 복용 법에 대해서 알려줘.,5
코발맥 복용 법에 대해 알고 싶어.,5
코발맥 복용 법이 뭐야?,5
지베즈 복용 법에 대해 설명해줘.,5
지베즈 복용 법이 어떻게 돼?,5
지베즈 복용 법이 궁금해.,5
아탄트 어떻게 먹는 건지 알려줘.,5
아탄트 어떻게 먹는지에 대해 알고 싶어.,5
아탄트 어떻게 먹는거야?,5
트로멜 어떻게 먹는건지 설명해줘.,5
트로멜 어떻게 먹는건지 궁금해.,5
트로멜 어떻게 먹어야 하는지 알려줘.,5
자렐리반 먹는 방법에 대해서 알려줘.,5
자릴레반 먹는 방법에 대해 알고 싶어.,5
자렐리반 먹는 방법이 뭐야?,5
플랜에이 먹는 방법에 대해 설명해줘.,5
플랜에이 먹는 방법이 어떻게 돼?,5
플렌에이 먹는 방법이 궁금해.,5
야미즈 몇 알 먹어야 하는지 알려줘.,5
야미즈 몇 알 먹는건지에 대해 알고 싶어.,5
에스리시 몇 알 먹어야 해?,5
에스리시 몇 알 먹어야 하는지 설명해줘.,5
타이레놀 몇 알 먹어야 하는지 설명해줘.,5
이모이 몇 알 먹는것인지 궁금해.,5
타이레놀 몇 알 먹는것인지 궁금해.,5
테네글로 사용방법 알려줘.,5
테네글로 사용방법에 대해 알고 싶어.,5
테네글로 사용방법이 뭐야?,5
메이놀 사용방법에 대해 설명해줘.,5
메이놀 사용방법이 어떻게 돼?,5
메이놀 사용방법이 궁금해.,5
원펜 사용 방법에 대해서 알려줘.,5
원펜 사용 방법에 대해 알고 싶어.,5
원펜 사용 방법이 뭐야?,5
벨라비엠 사용 방법에 대해 설명해줘.,5
벨라비엠 사용 방법이 어떻게 돼?,5
벨라비엠 복용 방법이 궁금해. ,5
코발맥 복용 법에 대해서 알려줘.,5
코발맥 복용 법에 대해 알고 싶어.,5
코발맥 복용 법이 뭐야?,5
지베즈 복용 법에 대해 설명해줘.,5
지베즈 복용 법이 어떻게 돼?,5
지베즈 복용 법이 궁금해.,5
아탄트 어떻게 먹는 건지 알려줘.,5
아탄트 어떻게 먹는지에 대해 알고 싶어.,5
아탄트 어떻게 먹는거야?,5
트로멜 어떻게 먹는건지 설명해줘.,5
트로멜 어떻게 먹는건지 궁금해.,5
트로멜 어떻게 먹어야 하는지 알려줘.,5
아탄트 어떻게 복용하는 건지 알려줘.,5
아탄트 어떻게 복용하는지 대해 알고 싶어.,5
아탄트 어떻게 복용하는거야?,5
트로멜 어떻게 복용해야 하는지 설명해줘.,5
트로멜 어떻게 복용해야 하는지 궁금해.,5
트로멜 어떻게 복용해야야 하는지 알려줘.,5
아탄트 어떻게 사용하는 건지 알려줘.,5
아탄트 어떻게 사용하는지 대해 알고 싶어.,5
아탄트 어떻게 사용하는거야?,5
트로멜 어떻게 사용해야 하는지 설명해줘.,5
트로멜 어떻게 사용해야 하는지 궁금해.,5
트로멜 어떻게 사용해야야 하는지 알려줘.,5
트로멜 얼만큼 복용해야 하는지 설명해줘.,5
트로멜 얼만큼 복용해야 하는지 궁금해.,5
트로멜 얼만큼 복용해야야 하는지 알려줘.,5
아탄트 얼만큼 사용하는 건지 알려줘.,5
아탄트 얼만큼 사용하는지 대해 알고 싶어.,5
아탄트 얼만큼 사용하는거야?,5
트로멜 얼만큼 사용해야 하는지 설명해줘.,5
트로멜 얼만큼 사용해야 하는지 궁금해.,5
트로멜 어떻게 사용해야야 하는지 알려줘.,5
테네글로의사용방법 알려줘.,5
테네글로의 사용방법에 대해 알고 싶어.,5
테네글로의 사용방법이 뭐야?,5
메이놀의 사용방법에 대해 설명해줘.,5
메이놀의 사용방법이 어떻게 돼?,5
메이놀의 사용방법이 궁금해.,5
원펜의 사용 방법에 대해서 알려줘.,5
원펜의 사용 방법에 대해 알고 싶어.,5
원펜의 사용 방법이 뭐야?,5
벨라비엠의 사용 방법에 대해 설명해줘.,5
벨라비엠의 사용 방법이 어떻게 돼?,5
벨라비엠의 복용 방법이 궁금해. ,5
코발맥의 복용 법에 대해서 알려줘.,5
코발맥의 복용 법에 대해 알고 싶어.,5
코발맥의 복용 법이 뭐야?,5
지베즈의 복용 법에 대해 설명해줘.,5
지베즈의 복용 법이 어떻게 돼?,5
지베즈의 복용 법이 궁금해.,5
아탄트를 어떻게 복용하는거야?,5
페낙손의 복용법에 대해 알려줘.,5
페낙손의 복용법이 뭐야?,5
페낙손의 복용법에 대해 알려줘.,5
누보로젯의 복용법이 어떻게 돼?,5
누보로젯의 복용법이 궁금해.,5
누보로젯의 복용 방법에 대해서 알려줘.,5
오뉴렉의 복용 방법에 대해 알려줘.,5
오뉴렉의 복용 방법을 알려줘?,5
오뉴렉의 복용 방법에 대해 알려줘.,5
뉴셀디의 복용 방법을 알려줘?,5
뉴셀디의 복용 법에 대해서 알려줘.,5
알프람의 복용 법에 대해 알려줘.,5
알프람의 복용 법이 뭐야?,5
알프람의 복용 법에 대해 설명해줘.,5
콘디에스의 복용 법이 어떻게 돼?,5
콘디에스의 복용 법이 궁금해.,5
콘디에스을 어떻게 먹는 건지 알려줘.,5
콘디에스을 어떻게 먹는지에 대해 알고 싶어.,5
포펜을 어떻게 먹는거야?,5
포펜을 어떻게 먹는건지 설명해줘.,5
포펜을 어떻게 먹는건지 궁금해.,5
아나파치을 어떻게 먹어야 하는지 알려줘.,5
아나파치을 먹는 방법에 대해서 알려줘.,5
아나파치을 먹는 방법에 대해 알고 싶어.,5
톨비스를 먹는 방법이 뭐야?,5
톨비스의 먹는 방법에 대해 설명해줘.,5
톨비스을 먹는 방법이 어떻게 돼?,5
입랜스을 먹는 방법이 궁금해.,5
입랜스을 몇 알 먹어야 하는지 알려줘.,5
입랜스를 몇 알 먹는건지에 대해 알고 싶어.,5
크레넷을 몇 알 먹어야 해?,5
크레넷을 몇 알 먹어야 하는지 설명해줘.,5
크레넷을 몇 알 먹는것인지 궁금해.,5
케베스를 몇 알 먹어야 해..,5
케베스를 몇 알 먹을까.,5
케베스를 몇 알 먹어?,5
엠베쎄를 몇 알 먹어어.,5
엠베쎄를 몇 알 먹어?,5
테네글로 복용법을 알려줘.,5
테네글로 복용법에 대해 알고 싶어.,5
테네글로 복용법이 뭐야?,5
메이놀 복용법에 대해 설명해줘.,5
메이놀 복용법이 어떻게 돼?,5
메이놀 복용법이 궁금해.,5
원펜 복용 방법에 대해서 알려줘.,5
원펜 복용 방법에 대해 알려줘.,5
원펜 복용 방법이 뭐야?,5
벨라비엠 복용 방법에 대해 설명해줘.,5
벨라비엠 복용 방법이 어떻게 되는지 알려줘,5
벨라비엠 복용 방법이 궁금해. ,5
코발맥 복용 법에 대해서 알려줘.,5
코발맥 복용 법에 대해 알려줘.,5
코발맥 복용 법이 뭐야?,5
지베즈 복용 법에 대해 설명해줘.,5
지베즈 복용 법이 어떻게 되는지 알려줘.,5
지베즈 복용 법이 궁금해.,5
아탄트 어떻게 먹는 건지 알려줘.,5
아탄트 어떻게 먹는지에 대해 알고 싶어.,5
아탄트 어떻게 먹는거야?,5
트로멜 어떻게 먹는건지 알려줘.,5
트로멜 어떻게 먹는건지 궁금해.,5
트로멜 어떻게 먹어야 하는지 알려줘.,5
자렐리반 먹는 방법에 대해서 알려줘.,5
자릴레반 먹는 방법에 대해 알고 싶어.,5
자렐리반 먹는 방법이 뭐야?,5
플랜에이 먹는 방법에 대해 설명해줘.,5
플랜에이 먹는 방법이 어떻게 돼?,5
플렌에이 먹는 방법이 궁금해.,5
트로멜 어떻게 복용해?,5
트로멜 어떻게 복용해?.,5
트로멜 어떻게 복용해?.,5
아탄트 어떻게 사용해?,5
아탄트 어떻게 사용해?,5
아탄트 어떻게 사용해?,5
야미즈 몇 알 먹어야 하는지 알려줘.,5
야미즈 몇 알 먹는건지에 대해 알고 싶어.,5
에스리시 몇 알 먹어야 해?,5
에스리시 몇 알 먹어야 하는지 설명해줘.,5
타이레놀 몇 알 먹어야 하는지 설명해줘.,5
이모이 몇 알 먹는것인지 궁금해.,5
타이레놀 몇 알 먹는것인지 궁금해.,5
테네글로 사용방법 알려줘.,5
테네글로 사용방법에 대해 알고 싶어.,5
테네글로 사용방법이 뭐야?,5
메이놀 사용방법에 대해 설명해줘.,5
메이놀 사용방법이 어떻게 돼?,5
메이놀 사용방법이 궁금해.,5
원펜 사용 방법에 대해서 알려줘.,5
원펜 사용 방법에 대해 알고 싶어.,5
원펜 사용 방법이 뭐야?,5
벨라비엠 사용 방법에 대해 설명해줘.,5
벨라비엠 사용 방법이 어떻게 돼?,5
벨라비엠 복용 방법이 궁금해. ,5
코발맥 복용 법에 대해서 알려줘.,5
코발맥 복용 법에 대해 알고 싶어.,5
코발맥 복용 법이 뭐야?,5
지베즈 복용 법에 대해 설명해줘.,5
지베즈 복용 법이 어떻게 돼?,5
지베즈 복용 법이 궁금해.,5
아탄트 어떻게 먹는 건지 알려줘.,5
아탄트 어떻게 먹는지에 대해 알고 싶어.,5
아탄트 어떻게 먹는거야?,5
트로멜 어떻게 먹는건지 설명해줘.,5
트로멜 어떻게 먹는건지 궁금해.,5
트로멜 어떻게 먹어야 하는지 알려줘.,5
아탄트 어떻게 먹는거야?.,5
아탄트 어떻게 먹는거?.,5
아탄트 어떻게 먹어?,5
트로멜 어떻게 먹는건지?,5
트로멜 어떻게 먹지?,5
트로멜 어떻게 먹어?,5
아탄트 어떻게 복용하는 건지 알려줘.,5
아탄트 어떻게 복용하는지 대해 알고 싶어.,5
아탄트 어떻게 복용하는거야?,5
트로멜 어떻게 복용해야 하는지 설명해줘.,5
트로멜 어떻게 복용해야 하는지 궁금해.,5
트로멜 어떻게 복용해야야 하는지 알려줘.,5
아탄트 어떻게 사용하는 건지 알려줘.,5
아탄트 어떻게 사용하는지 대해 알고 싶어.,5
트로멜 어떻게 복용하는거야,5
트로멜 어떻게 복용하는거야.,5
트로멜 어떻게 복용하는거야.,5
아탄트 어떻게 사용하는거야,5
아탄트 어떻게 사용하는거야,5
아탄트 어떻게 사용하는거야?,5
트로나니 어떻게 먹어?,5
트로나니 어떻게 먹어?.,5
트로나니 어떻게 먹어?.,5
아스탄틴 어떻게 사용해,5
아스탄틴 어떻게 사용해,5
아스탄틴 어떻게 사용해?,5
테네글로의사용방법 알려줘.,5
테네글로의 사용방법에 대해 알고 싶어.,5
테네글로의 사용방법이 뭐야?,5
메이놀의 사용방법에 대해 설명해줘.,5
메이놀의 사용방법이 어떻게 돼?,5
메이놀의 사용방법이 궁금해.,5
원펜의 사용 방법에 대해서 알려줘.,5
원펜의 사용 방법에 대해 알고 싶어.,5
원펜의 사용 방법이 뭐야?,5
벨라비엠의 사용 방법에 대해 설명해줘.,5
벨라비엠의 사용 방법이 어떻게 돼?,5
벨라비엠의 복용 방법이 궁금해. ,5
코발맥의 복용 법에 대해서 알려줘.,5
코발맥의 복용 법에 대해 알고 싶어.,5
코발맥의 복용 법이 뭐야?,5
지베즈의 복용 법에 대해 설명해줘.,5
지베즈의 복용 법이 어떻게 돼?,5
지베즈의 복용 법이 궁금해.,5
아탄트 얼만큼 먹는 건지 알려줘.,5
아탄트 얼만큼 먹는지에 대해 알고 싶어.,5
아탄트 얼만큼 먹는거야?,5
트로멜 얼만큼 먹는건지 설명해줘.,5
트로멜 얼만큼 먹는건지 궁금해.,5
트로멜 얼만큼 먹어야 하는지 알려줘.,5
아탄트 얼마만큼 먹는 건지 알려줘.,5
아탄트 얼마만큼 먹는지에 대해 알고 싶어.,5
아탄트 얼마만큼 먹는거야?,5
트로멜 얼마만큼 먹는건지 설명해줘.,5
트로멜 얼마만큼 먹는건지 궁금해.,5
트로멜 얼마만큼 먹어야 하는지 알려줘.,5
트로멜 얼마만큼 먹는거야?,5
트로멜 얼마만큼 먹는거야.,5
트로멜 얼마만큼 먹는거야.,5
제이코정 어떻게 먹는거야?,5
제이코정 복용법 알려줄래?,5
제이코정 복용하는 법 알고 싶어,5
제이코정 먹는 법 알고 싶어,5
제이코정 얼마나 먹어야 해?,5
제이코정 하루에 몇 알 먹는 거야?,5
제이코정 얼마나 복용해야 해?,5
제이코정은 언제마다 얼마나 복용해야 하는지 말해줘,5
코페르니 하루에 복용을 어떻게 해야 해?,5
코페르니 복용방법 알려주세요,5
코페르니 복용방법 알려줘,5
코페르니 복용법 알려줄래?,5
코페르니 어떻게 먹는 건지 알고 싶어요,5
코페르니 복용법 알고 싶어요,5
쿠스정 한 번에 몇 알 먹는걸까요?,5
쿠스정 복용하는 법을 알고 싶습니다,5
쿠스정 몇 알 복용해야 해?,5
쿠스정 먹을 건데 얼마나 먹어야 해?,5
쿠스정 먹을 건데 얼만큼 복용해야 해?,5
쿠스정 복용해야 하는데 몇 알 복용해야 할까?,5
유발하은 한 번에 한 알만 먹으면 될까?,5
유발하 어떻게 먹어?,5
유발하 몇 알 먹어?,5
유발하 몇 알 복용해야 해?,5
유발하 몇 알 먹어야 해?,5
유발하 방법 알려줘,5
유발하 먹는 방법 알려주세요,5
유발하 먹는 방법 알려줄래,5
하라리 먹는법 말해주세요,5
하라리 먹는 방법 말해줘,5
하라리 복용법 말해줘,5
하라리 복용 방법 말해주세요,5
하라리 몇 알 복용해야 하는 지 알려주세요,5
하라리 몇 알 복용해야 할까요?,5
하라리 얼마 동안 먹어야 할까요?,5
하라리 얼마나 복용해야 하나요?,5
포스펜정 어떻게 먹는거야?,5
포스펜정 복용법 알려줄래?,5
포스펜정 복용하는 법 알고 싶어,5
포스펜정 먹는 법 알고 싶어,5
포스펜정 얼마나 먹어야 해?,5
포스펜정 하루에 몇 알 먹는 거야?,5
포스펜정 얼마나 복용해야 해?,5
포스펜정은 언제마다 얼마나 복용해야 하는지 말해줘,5
포스펜정 하루에 복용을 어떻게 해야 해?,5
포스펜정 복용방법 알려주세요,5
마이클 복용방법 알려줘,5
마이클 복용법 알려줄래?,5
마이클 어떻게 먹는 건지 알고 싶어요,5
마이클 복용법 알고 싶어요,5
마이클 한 번에 몇 알 먹는걸까요?,5
마이클 복용하는 법을 알고 싶습니다,5
마이클 몇 알 복용해야 해?,5
샌댈리 먹을 건데 얼마나 먹어야 해?,5
샌댈리 먹을 건데 얼만큼 복용해야 해?,5
샌댈리 복용해야 하는데 몇 알 복용해야 할까?,5
샌댈리은 한 번에 한 알만 먹으면 될까?,5
샌댈리 어떻게 먹어?,5
샌댈리 몇 알 먹어?,5
샌댈리 몇 알 복용해야 해?,5
샌댈리 몇 알 먹어야 해?,5
샌댈리 방법 알려줘,5
샌댈리 먹는 방법 알려주세요,5
조니포 먹는 방법 알려줄래,5
조니포 먹는법 말해주세요,5
조니포 먹는 방법 말해줘,5
조니포 복용법 말해줘,5
조니포 복용 방법 말해주세요,5
조니포 몇 알 복용해야 하는 지 알려주세요,5
조니포 몇 알 복용해야 할까요?,5
조니포 얼마 동안 먹어야 할까요?,5
조니포 얼마나 복용해야 하나요?,5
데일리원정 어떻게 먹는거야?,5
데일리원정 복용법 알려줄래?,5
데일리원정 복용하는 법 알고 싶어,5
데일리원정 먹는 법 알고 싶어,5
데일리원정 얼마나 먹어야 해?,5
베네딕트 하루에 몇 알 먹는 거야?,5
베네딕트 얼마나 복용해야 해?,5
베네딕트은 언제마다 얼마나 복용해야 하는지 말해줘,5
베네딕트 하루에 복용을 어떻게 해야 해?,5
베네딕트 복용방법 알려주세요,5
베네딕트 복용방법 알려줘,5
베네딕트 복용법 알려줄래?,5
릴리호정 어떻게 먹는 건지 알고 싶어요,5
릴리호정 복용법 알고 싶어요,5
릴리호정 한 번에 몇 알 먹는걸까요?,5
릴리호정 복용하는 법을 알고 싶습니다,5
릴리호정 몇 알 복용해야 해?,5
릴리호정 먹을 건데 얼마나 먹어야 해?,5
릴리호정 먹을 건데 얼만큼 복용해야 해?,5
릴리호정 복용해야 하는데 몇 알 복용해야 할까?,5
데일리원정은 한 번에 한 알만 먹으면 될까?,5
올리비오 어떻게 먹어?,5
올리비오 몇 알 먹어?,5
올리비오 몇 알 복용해야 해?,5
올리비오 몇 알 먹어야 해?,5
올리비오 방법 알려줘,5
올리비오 먹는 방법 알려주세요,5
올리비오 먹는 방법 알려줄래,5
올리비오 먹는법 말해주세요,5
핫세마 먹는 방법 말해줘,5
핫세마 복용법 말해줘,5
핫세마 복용 방법 말해주세요,5
핫세마 몇 알 복용해야 하는 지 알려주세요,5
핫세마 몇 알 복용해야 할까요?,5
핫세마 얼마 동안 먹어야 할까요?,5
트리베라 몇 알 먹어야 해?,5
트리베라 몇 알 먹어?,5
트리베라 몇 알 복용해야 해?,5
트리베라 몇 알 먹는건지?,5
트리베라 방법 알려줘,5
트리베라 먹는 방법은?,5
트리베라 먹는 방법이?,5
